subject,conditions,late_pro_prob,inhib_fail_prob,late_pro_rt,anti_rt,inhib_fail_rt,predicted_pro_rt,predicted_pro_prob,predicted_anti_rt,predicted_anti_prob,age,test_retest
1,1,0.0520176346852373,0.029591363821538,3.84074312567222,4.23424642688725,1.23874821008514,2.84382032326958,0.0819328625824144,4.23373115846557,0.918067137417586,1,1
1,2,0.986849552097637,0.0887510426473583,3.97428697576216,3.70748817481415,2.74210240801335,3.83815644295232,0.987745306556004,3.66122200841506,0.0122546934439953,1,1
2,1,0.188562460416796,0.0445023627510744,2.97400125941346,3.06974814353522,1.08052398334577,2.58835881349944,0.226949396835345,3.06021058100123,0.773050603164655,0,1
2,2,0.893494341035492,0.0883545559673789,2.65299554629008,2.43705400547018,1.18473391042315,2.48708441698397,0.902641737775384,2.39514953797351,0.0973582622246165,0,1
3,1,0.0659116986772842,0.0403441746994491,2.30112959320536,2.98684888744256,1.338842608408,1.92159825099696,0.106028887574763,2.98372017984936,0.893971112425237,1,1
3,2,0.980204477211507,0.0384332424390337,2.65750531609423,1.99909812071954,1.35505691186804,2.6056904550341,0.980653006553589,1.98551753247867,0.0193469934464112,1,1
4,1,0.0445293554783993,0.0125147659474868,3.10082767093488,3.49781764029189,1.09893772910026,2.59911438229219,0.0579449679745321,3.49770591844358,0.942055032025468,1,1
4,2,0.991238148399741,0.016679032324714,3.27718089645535,2.91057427811323,1.49348172485593,3.24251940959627,0.991348690197195,2.89706754110565,0.0086513098028054,1,1
5,1,0.162107602458537,0.460076204605178,4.21036225802126,3.92785159376102,1.91858292430242,2.18422732465091,0.549985727824988,3.38067718924665,0.450014272175012,1,1
5,2,0.930708876290498,0.115420687761917,2.37553862953054,2.40951739352797,1.3884057660009,2.18853663075602,0.941421977393732,2.3106105992646,0.0585780226062678,1,1
6,1,0.0282469503016583,0.0458632560167822,2.33181378244404,2.98553566914864,1.50097332200921,1.82319544319185,0.0746910943503643,2.98094538209151,0.925308905649636,1,1
6,2,0.920787007693217,0.16819735959594,2.93907884149319,2.22556585178527,1.60616278165632,2.68622719733611,0.93104693222598,2.18018168555781,0.06895306777402,1,1
7,1,0.031402922134467,0.0496641011589494,2.74067381805147,2.99719411670514,1.21894726192185,1.78786349633831,0.0810652939792833,2.9948118284827,0.918934706020717,0,1
7,2,0.996363532097404,0.100974356008187,2.57435259156718,2.40442792990151,1.54999830350858,2.46081671030875,0.996543848634194,2.332268373948,0.00345615136580605,0,1
8,1,0.0609919927905199,0.0419031047675857,2.94832075324168,3.54526311263067,1.54005456382425,2.38376023142941,0.102402068785386,3.53885738196493,0.897597931214614,0,1
8,2,0.942497920304546,0.564661097916837,3.56318933814045,3.29382794578817,2.39402841882311,2.59312538356994,0.971301845223071,2.53810114818419,0.0286981547769287,0,1
9,1,0.0374418990333472,0.104940728587292,2.33156242846574,2.96757010390095,1.34360348946424,1.58663069839991,0.140214642438359,2.9629953900755,0.859785357561641,0,1
9,2,0.960570978946607,0.116802024782054,2.73060739655628,2.36274917826004,1.41951681455507,2.5560043056348,0.964655523135476,2.3288326900858,0.0353444768645236,0,1
10,1,0.0269491789444134,0.0177211635267247,2.91986770428006,3.37286075284556,0.840165291948982,1.99778690313553,0.0462954236057014,3.37269192644236,0.953704576394299,0,1
10,2,0.993520574626824,0.0556285904501592,3.0688181027565,2.71376638519005,1.56404263991195,2.97681678202448,0.993779979143517,2.66574428160915,0.0062200208564833,0,1
11,1,0.0154161095081593,0.0176294880953188,2.8807341103446,3.08383743613045,1.26991761678417,1.93973597942772,0.0350535642003795,3.08286764704187,0.964946435799621,0,1
11,2,0.995251346796405,0.0863648349906613,2.74982774096461,2.61990022468742,1.52974469732389,2.63461038410701,0.99553218010673,2.56132687506934,0.00446781989326988,0,1
12,1,0.0156445778653528,0.0252770733237309,3.37146656342105,3.60911399018358,0.963248167926648,1.79744323841142,0.0421065669251763,3.6089321543031,0.957893433074824,0,1
12,2,0.979980080851898,0.0337259782934056,3.77253452257005,3.5384724064058,1.30984348497389,3.68112533324044,0.980622198192686,3.52861953235195,0.0193778018073137,0,1
13,1,0.0692622111855411,0.0456338974117446,3.34518769680433,3.76953022219641,1.20652100246488,2.47454602900258,0.113460477171727,3.766912789562,0.886539522828273,1,1
13,2,0.984993136442226,0.046059039265055,3.3123683768778,2.89321657359172,1.5572172699456,3.22567575658628,0.985620303610746,2.87812987486152,0.0143796963892543,1,1
14,1,0.0242727163998377,0.0385216439916779,2.83551422705695,3.19374934446487,1.29535229953341,1.83026767100916,0.0633547255979618,3.19303686067168,0.936645274402038,0,1
14,2,0.992865059811347,0.162359994630836,2.97090149379644,2.70637925830667,1.59710639369052,2.73483144377644,0.993640787643517,2.6150437956498,0.00635921235648275,0,1
15,1,0.0848250153232881,0.0164468887056485,2.86555662977011,3.2651364506398,0.868485598200773,2.50619474326283,0.10123901347131,3.2649262108701,0.89876098652869,0,1
15,2,0.97703819776545,0.0399754536999114,2.81909741484796,2.33464373079335,1.54272066239426,2.76340280768904,0.977789268239928,2.32595293091864,0.0222107317600721,0,1
16,1,0.0279109462888083,0.0423534401241942,2.59820975209558,2.76132669648714,1.22952100792802,1.73006868313581,0.0702766386847836,2.76030109711494,0.929723361315216,0,1
16,2,0.991037983802652,0.0849463503115393,2.53650840863114,2.33185348730207,1.32973782660061,2.42723122692422,0.991645676487061,2.30200314959955,0.0083543235129386,0,1
17,1,0.0543686809393403,0.0719759780439902,3.57962881373237,4.20388202528011,1.72894685030163,2.49152658800624,0.124373876442724,4.19854227631628,0.875626123557276,1,1
17,2,0.977794678258771,0.0589807725151825,3.29604168355085,2.97939118727798,1.48780679143446,3.17912511139235,0.978973845022044,2.96261325732758,0.0210261549779558,1,1
18,1,0.100887654598702,0.113031447210055,2.29225503167621,2.94524822406909,1.77031236663925,2.00610839326209,0.207985653917045,2.93312583484858,0.792014346082955,1,1
18,2,0.977409583201449,0.0417663331546963,2.35962777803259,1.92783174027035,1.26922587112826,2.30473401083804,0.978179794001319,1.91621536317504,0.0218202059986804,1,1
19,1,0.0162233666792447,0.113672779907997,2.99629814046445,3.18480116679354,1.27003642146633,1.45618744246958,0.129678317168369,3.1843044615676,0.870321682831631,0,1
19,2,0.970480527729516,0.503680139267263,3.33381006543554,2.94196535911938,1.70524926973483,2.48275284963486,0.98328205207677,2.81569108960678,0.0167179479232299,0,1
20,1,0.102646958274822,0.0133576188358976,3.3799600875862,3.92063024004846,0.796312458331823,3.03930205174799,0.116224132344261,3.92032104049463,0.88377586765574,1,1
20,2,0.979351354748639,0.0292086999727884,3.07588654600602,2.73838910652228,1.25687965393701,3.01752987346733,0.979891148016392,2.72988674005591,0.0201088519836076,1,1
21,1,0.140418406753597,0.064649282317788,3.75279406418063,4.14396856715882,1.56122582503398,3.0360493022122,0.198695019639325,4.13967076538434,0.801304980360676,1,1
21,2,0.974670078958098,0.0855964339750548,3.77675589807117,3.28621392414881,1.58442720549426,3.57439910014283,0.976642610887405,3.26583580188933,0.0233573891125947,1,1
22,1,0.227520287039797,0.0773014741080068,3.35047799945346,3.94662077056563,1.29523501678228,2.83399948541124,0.291353765395334,3.92418104591686,0.708646234604666,1,1
22,2,0.926998959811431,0.0816447343622844,3.320795901784,2.45268437193607,1.27040042632739,3.13789412711743,0.93219781001733,2.43241110637463,0.0678021899826698,1,1
23,1,0.197286266425907,0.180461907145975,3.83638283240073,4.34372366694976,1.84744617495133,2.74489437680568,0.347713408577504,4.26915013848524,0.652286591422496,1,1
23,2,0.876309418075702,0.164895128088377,4.13062817643078,3.27726109524791,2.06314186545355,3.70813335350028,0.893246387084307,3.17311022996023,0.106753612915693,1,1
24,1,0.0188604639784553,0.0461365996516956,2.9630445802037,3.22436429148959,1.1771169782864,1.63089859839369,0.0655154122781119,3.2236720869126,0.934484587721888,0,1
24,2,0.994464513336264,0.134506249898489,2.80998818862321,2.60864785362232,1.7093554319335,2.64612806655335,0.994972804138526,2.5396759242214,0.00502719586147456,0,1
25,1,0.0236296986735195,0.0137578020224012,3.53276703112624,4.3374819834946,0.913376371514209,2.4620695376622,0.038460271022161,4.33676992766736,0.961539728977839,0,1
25,2,0.988296380160913,0.0771795625322005,3.41639822669045,3.26377599952075,1.61108291307064,3.25611707822715,0.989093964918596,3.21684601888699,0.0109060350814042,0,1
26,1,0.0776312251252095,0.0962908616464153,2.45562319593544,2.90678189558465,1.4638686678801,1.90145891730243,0.169905939266986,2.88272713368614,0.830094060733014,1,1
26,2,0.966359967420189,0.148672745438374,2.83959387032837,2.22186370667778,1.46476232869913,2.61222852519769,0.970152205078648,2.16779563770549,0.0298477949213523,1,1
27,1,0.035154731867323,0.0279119155981397,2.84805743195427,3.27710965203008,1.02712942378414,2.02867758553975,0.0635093519291477,3.27623149648907,0.936490648070852,0,1
27,2,0.991761777754531,0.04046805028454,2.76994574525181,2.6222962590371,1.54015070426045,2.71067772551107,0.992031645642132,2.59797597024228,0.0079683543578678,0,1
28,1,0.0633786042288006,0.229609099791261,2.74152373431929,3.6606212329232,1.78846182983061,1.94624405231231,0.282862337099451,3.63704291230189,0.717137662900549,1,1
28,2,0.594605023628079,0.0626236362288406,3.03692366938559,2.906238292663,1.57768269741004,2.86831296866748,0.620041772704239,2.88896541365076,0.379958227295761,1,1
29,1,0.0273345691369656,0.0695327593232832,2.87380208384328,3.22452974263599,1.59424873080536,1.9256575318277,0.0964516127587637,3.22114942605209,0.903548387241237,0,1
29,2,0.989014484473928,0.169944240451614,3.10064837774363,2.87351300971135,1.79760230032176,2.85320244114446,0.990597625329949,2.81122961347106,0.00940237467005105,0,1
30,1,0.03818126335351,0.0214693643823066,3.29216440289457,3.90309300921583,1.02667458481939,2.42110232944344,0.0604040313685031,3.90270282097398,0.939595968631497,1,1
30,2,0.988169355528254,0.0251084963564799,3.42936722138195,3.0908736380678,1.45496879340577,3.37411402865269,0.988430344618534,3.07887897573786,0.011569655381466,1,1
31,1,0.0240654661627971,0.0759123842635104,3.55344081713068,4.29420646415965,1.52686508931723,1.95327303436551,0.0999614997696388,4.29068385215415,0.900038500230361,1,1
31,2,0.983892026198399,0.079368037242109,3.56343669370589,3.26687458961253,1.72925458858407,3.39780136553899,0.984989350994694,3.22966326922954,0.0150106490053065,1,1
32,1,0.00986001769031445,0.0585161541096083,2.73401467951318,3.12680743100104,1.34056999436002,1.49983705164569,0.0695977935762739,3.12636905908881,0.930402206423726,0,1
32,2,0.989646887854697,0.0765672546293446,3.08180389691822,2.91628900074743,1.80868458407653,2.96944396379439,0.990331978817991,2.88252760777484,0.00966802118200927,0,1
33,1,0.153493598349178,0.0763641850773538,2.70389576309611,3.2184350348018,1.56228053091205,2.43642553395022,0.224148114326175,3.18818185663307,0.775851885673825,0,1
33,2,0.962028534657462,0.126976270687898,2.86379037952619,2.23186371463386,1.67667370506149,2.68325713128626,0.96575603211358,2.18156252899835,0.0342439678864202,0,1
34,1,0.0551332385287449,0.0462197258103321,3.46675672479839,4.25370290787512,1.35976958413318,2.43500632133089,0.100784549635386,4.25273952881849,0.899215450364614,1,1
34,2,0.989348709174859,0.0572606398406225,3.19817957491449,2.83869987119705,1.80358290736115,3.11798235884395,0.989768276939099,2.81087640975494,0.010231723060901,1,1
35,1,0.054069012925127,0.0566084127187857,2.41303193547865,2.70026886798062,1.06305268891652,1.70530263536853,0.109448482568586,2.69405214549074,0.890551517431414,1,1
35,2,0.933742789791229,0.14268838649346,2.91736418657565,2.19635460042652,1.45408686942503,2.68142696918306,0.940941688546152,2.15611891897082,0.0590583114538484,1,1
36,1,0.0269770141786892,0.0446250464593534,3.12525012924496,3.75106241215534,1.24425653082896,1.8806286372266,0.0721989223250211,3.75021989135018,0.927801077674979,0,1
36,2,0.989742878541668,0.397252951265774,2.94847044510025,2.47337896900361,1.87917627734674,2.49388415023327,0.992686781148775,2.3366041758987,0.00731321885122494,0,1
37,1,0.0824504612657491,0.079036889638362,2.92658028263006,3.73091429520081,1.49157921440852,2.25469843432436,0.157320590536874,3.72210749909227,0.842679409463126,0,1
37,2,0.892200227886025,0.527491616301195,4.0751879253323,4.17119286086564,2.97757717138005,2.83868946431791,0.951328395971964,2.68551434082335,0.0486716040280357,0,1
38,1,0.0347843999007922,0.0843374623648939,3.09777410139245,3.71674855722532,1.41481664276561,1.86317458528822,0.117913326982959,3.71394414253813,0.882086673017042,0,1
38,2,0.993332366796471,0.0970209026366568,3.31556650127219,2.88572471607982,1.59194804820367,3.14114439048254,0.993814747483744,2.83257376091975,0.00618525251625573,0,1
39,1,0.0130109056054839,0.0360513323009352,2.95768643087785,3.24842168506929,1.27286564942446,1.66102901358228,0.051007485126747,3.24702680338291,0.948992514873253,0,1
39,2,0.993220166913355,0.0760781270870794,3.07812931466559,2.85865150197936,1.91474074685634,2.9736371574428,0.993631266499129,2.81200711674656,0.00636873350087101,0,1
40,1,0.0161844676593145,0.0186633692280297,2.92532743397713,3.45132605907086,1.12297588446198,1.87415052755676,0.0362621362829676,3.45097488327251,0.963737863717032,1,1
40,2,0.973366927945048,0.0269121191848298,2.99700067272528,2.79934380400653,1.26093750783642,2.9431108907812,0.97405193347003,2.79240568923235,0.0259480665299703,1,1
41,1,0.0230568318554476,0.0294944320818961,3.51502193342325,3.77203551968745,1.1424154105589,2.15673731724437,0.0533604775733164,3.77087335344385,0.946639522426683,1,1
41,2,0.987851799343428,0.042933795634186,3.79008777073042,3.5027602459321,2.22534341055319,3.71670683125599,0.988310155981696,3.47983954248211,0.0116898440183042,1,1
42,1,0.0837223133015908,0.0594166191147008,2.43504596085304,2.85345027703459,1.21694017409682,1.90865765951263,0.140285286801313,2.84696084885867,0.859714713198686,0,1
42,2,0.985860884321331,0.0393729256516704,2.44940061509203,2.18531193821949,1.33548694332998,2.39412856063672,0.986351570909289,2.16360792416939,0.0136484290907108,0,1
43,1,0.020035870022473,0.0342595283205194,2.83331820328264,3.33915514068036,1.17339973309168,1.75804414158576,0.0546823499756024,3.33825777130411,0.945317650024398,1,1
43,2,0.991607579721896,0.0643716498896311,2.94855180280332,2.70286602436706,1.70924059120624,2.857718364742,0.992075368213778,2.67034801656238,0.00792463178622175,1,1
44,1,0.0229485209442006,0.146081356552656,2.98429346424407,3.30949680813991,1.58604767520919,1.74091040181594,0.167429018433738,3.29711597997307,0.832570981566262,0,1
44,2,0.476644663850743,0.262938963595854,3.26975944887115,3.38025856239445,1.79565384592395,2.61388305758048,0.616605385487594,3.35376791513234,0.383394614512406,0,1
45,1,0.0958027803779258,0.138109267135019,2.61957121773666,2.89882600528074,1.48595348599488,1.88795376727232,0.224074030623435,2.85041448206448,0.775925969376565,1,1
45,2,0.907557723427607,0.14594962693345,2.74240032210659,2.25454104666812,1.64487183892126,2.53384442999856,0.918208788839203,2.17016689208885,0.0817912111607968,1,1
46,1,0.0187728281824481,0.102693514916813,2.44957272196294,2.8540403514837,1.68960714705321,1.78622477368272,0.120936463692974,2.84686777309483,0.879063536307026,0,1
46,2,0.990122854864342,0.163391562830206,2.75192504553179,2.56341501938053,1.86840490905435,2.57032028343704,0.991572852637361,2.47379989340479,0.00842714736263929,0,1
47,1,0.0264028055527847,0.109273843612616,3.23267053070094,3.70189102277478,1.59028326492519,1.85808620852835,0.13459002917794,3.69776663205639,0.86540997082206,0,1
47,2,0.983824132666755,0.277464360053856,3.22576077445676,2.95770430684717,1.88760981091802,2.81872736728807,0.987622476116053,2.85053918669411,0.0123775238839467,0,1
48,1,0.0685986418825763,0.0334893531077186,3.09362148149052,3.51494746979389,1.55456848529117,2.58353052347301,0.101456846089776,3.51297086643451,0.898543153910224,1,1
48,2,0.992113020110143,0.0410151671974339,2.62154556931834,2.46692734511659,1.48979852104779,2.56937188260107,0.99238202849122,2.44698637123924,0.00761797150878021,1,1
49,1,0.0760450191430464,0.0460397991222458,2.59160077354157,3.2175291335908,1.14095684902707,2.07652393777501,0.120781811174655,3.21423135312772,0.879218188825345,0,1
49,2,0.971931778585006,0.0642833132594429,2.67574000747287,2.12683390031981,1.32662388388465,2.58166205855982,0.973526610138689,2.11363320297894,0.0264733898613111,0,1
50,1,0.0786034952414107,0.160435959060386,2.52606792610934,3.31186509570028,1.71212595625954,1.93975297942553,0.231554849552555,3.29260012031606,0.768445150447445,1,1
50,2,0.95234133467897,0.0604172121528335,2.58233491656607,2.07466108386316,1.48597208058981,2.50046936037782,0.954555115772257,2.05562395366014,0.0454448842277427,1,1
51,1,0.124035769819044,0.206487078120771,3.83337585473817,4.14820466518452,2.20714610551766,2.68931450479738,0.309938404245854,3.97965781901066,0.690061595754146,1,1
51,2,0.888222852585715,0.0903328680158904,3.08058218702246,2.69302023502614,1.62378059946783,2.90606102045359,0.898027627882977,2.60986370773903,0.101972372117023,1,1
52,1,0.114811281071761,0.0793201410059553,3.75387579094478,5.07001667230457,1.39999645754328,2.77681528948247,0.187707361158669,5.06672980704839,0.812292638841331,1,1
52,2,0.940882264077528,0.0891794117944153,3.52800862205887,2.8416300602115,1.49573233148886,3.32167860002833,0.945476342695533,2.81303445592365,0.0545236573044669,1,1
53,1,0.0452052918924138,0.054839433112498,2.3757518445614,2.81176166845026,1.27690105895351,1.71951514680267,0.0999723155688815,2.80189348609919,0.900027684431118,1,1
53,2,0.951931203664133,0.0660063000521184,2.36977620941609,1.80152665837201,1.30540082288264,2.28746352581202,0.954299803569962,1.78400679083876,0.045700196430038,1,1
54,1,0.0348081647161605,0.0618296956548504,2.74312628393949,3.40693630880266,1.38722206693008,1.81936619250443,0.0965504043802206,3.40297530577103,0.90344959561978,0,1
54,2,0.989850557836472,0.150687971195298,3.081501388251,2.47090135800789,1.78216481871951,2.86303572478663,0.9908859470968,2.40866946050689,0.00911405290320009,0,1
55,1,0.03134572502898,0.052428104864172,2.90268283351482,3.8026199777784,1.04547311597572,1.66630129473979,0.0841958131107773,3.80192058942249,0.915804186889222,1,1
55,2,0.955251762476365,0.123146344581238,3.80713211101664,2.8218670169442,1.78765066214496,3.53687195421024,0.959509558404421,2.78571519092133,0.0404904415955786,1,1
56,1,0.0629770872991091,0.0272149615547122,2.22483910027658,2.80419170966876,1.22505911284823,1.89829180144051,0.0906949933146848,2.8030578339733,0.909305006685315,0,1
56,2,0.988484674332312,0.0672861532603521,2.46327695648789,1.99831232970982,1.28247038763075,2.3829125184315,0.988928916649462,1.97098238632661,0.0110710833505383,0,1
57,1,0.125686313074771,0.0504796193356824,3.37227317914723,4.00936329037391,1.37267997524143,2.75936158643951,0.172210642878557,4.00317921309685,0.827789357121443,1,1
57,2,0.925580774509041,0.0714484813602311,3.66316405867623,2.7213011037299,1.61804385839304,3.49391157978688,0.929955683995747,2.69765258451055,0.0700443160042532,1,1
58,1,0.0603365367998236,0.0513207287339493,3.84103888839723,4.21182403575651,1.42221234732968,2.6592445141528,0.110068402831905,4.21061411648365,0.889931597168095,1,1
58,2,0.983007534991835,0.105688706307976,3.92986644864222,3.57940042640014,1.91614267738833,3.70545445842018,0.984619466713971,3.54918479435403,0.0153805332860288,1,1
59,1,0.0545727679842442,0.0412512493264158,3.28970363108448,3.43940972254461,1.28684853000153,2.38523319324601,0.0948958970087936,3.43746555712409,0.905104102991207,0,1
59,2,0.988619742678499,0.0789711566529668,3.1373989742431,3.02071143739704,1.6171643417273,3.01004755773609,0.989329241321703,2.98736306139333,0.0106707586782966,0,1
60,1,0.0520472251491381,0.0376967497914545,2.50524469966063,3.35344298158612,1.55842104683783,2.13207122167813,0.0903174496251915,3.34993821845138,0.909682550374808,1,1
60,2,0.949927269132762,0.0457524226392991,3.043677661838,2.30380547451738,1.69033186876634,2.97224585818888,0.951507041953037,2.28811731741355,0.0484929580469631,1,1
61,1,0.0286262382819999,0.323453762665356,3.90317888797753,4.18636547732223,1.28605393331329,1.427831323792,0.343834566680123,4.1559171002051,0.656165433319877,0,1
61,2,0.985164014098569,0.623184411389434,3.16463651718386,2.79904957300807,1.41949381355303,2.06643695335055,0.993640819858787,2.60148856748702,0.00635918014121317,0,1
62,1,0.0135881653193616,0.00967486173672391,3.64295580910162,3.86151473536289,0.809839111015708,2.24328780612838,0.0252302996838602,3.8613985889933,0.97476970031614,1,1
62,2,0.992098635634849,0.0355174321713813,3.43956757634895,3.22875102856168,2.33906074356334,3.39778274364619,0.992265623391357,3.2022678984392,0.00773437660864345,1,1
63,1,0.159511291391018,0.106189294836415,3.8346341938441,4.27932424694615,1.57967411195687,2.87368335154068,0.252539337793253,4.24219339333948,0.747460662206746,1,1
63,2,0.972044709395079,0.0492631689030954,3.39159395214164,2.61449855972046,1.09022759807237,3.27094017147582,0.973245741807834,2.60053887417271,0.0267542581921657,1,1
64,1,0.0183218036741861,0.0190927256061653,3.07622450626943,3.31079267163783,1.98565948697832,2.45680852319794,0.0390460772442769,3.3094148437188,0.960953922755723,1,1
64,2,0.985983371310558,0.0556354430147967,3.15148063561426,2.89706594695495,2.4766209411598,3.09909004597829,0.986648757829701,2.87680493151443,0.0133512421702985,1,1
65,1,0.0181151186544784,0.0704565290331824,2.42366888006702,2.85393163021026,1.46439812775526,1.62974990747726,0.0893529243690592,2.85029284118125,0.910647075630941,0,1
65,2,0.992922564057648,0.0907289955231084,2.58073046241315,2.411168363333,1.91703686149397,2.49360227114535,0.993640886674455,2.34769601465172,0.00635911332554466,0,1
66,1,0.360879902916206,0.0923846629875684,4.19349209394546,5.02070945785466,1.10811723181544,3.5175154873938,0.421665022380382,5.01844280997124,0.578334977619618,1,1
66,2,0.928230103942027,0.197022827341124,3.95169560348459,3.7277347399536,2.09865884119682,3.52921428167173,0.941763086657221,3.65844054486027,0.0582369133427791,1,1
67,1,0.0687820583416997,0.171471999346522,2.93858573695347,3.75402548600359,1.59213816590677,1.92920491389336,0.231518647180527,3.73469945628338,0.768481352819473,0,1
67,2,0.928394468650284,0.218414076511375,3.22833477124888,3.22675216161297,2.33788608691483,2.82187058176932,0.947419280292313,2.77100211296402,0.0525807197076868,0,1
68,1,0.0586661295816712,0.112390936779195,4.10571186870071,4.76766955271379,2.32616206929666,2.86122597091194,0.166767422465945,4.75589822810699,0.833232577534055,1,1
68,2,0.960899705646235,0.213041789210101,4.24366084414484,3.81686098330948,2.03587098741694,3.73534607230794,0.96804157989412,3.75864193202928,0.0319584201058802,1,1
69,1,0.0548146748152939,0.0733485961140784,2.56407091323133,3.14540879846712,1.38271238269296,1.85340877686669,0.125834308558233,3.14019400327811,0.874165691441766,0,1
69,2,0.98881501828711,0.039317314210713,2.51652877653744,2.09784235771477,1.43661621265197,2.4664458720616,0.98913277487571,2.0812098629391,0.0108672251242894,0,1
70,1,0.0745661740126556,0.0902496699604409,2.57662643998863,2.86196210392077,2.15905399645021,2.34400438555005,0.161966733341144,2.82687183728796,0.838033266658856,0,1
70,2,0.985050177644136,0.0420583173501319,2.64600529075002,2.26860244486784,1.48397098550502,2.58907717760855,0.985550219160989,2.25410234639397,0.014449780839011,0,1
71,1,0.0678943622467655,0.0593006116385955,3.2969746702751,3.67126007692422,1.37164273300274,2.36944578900497,0.124800390654421,3.66851709145664,0.875199609345579,1,1
71,2,0.99196204484017,0.0438885573348218,3.53721783874232,3.14057520092087,1.39030366861848,3.43652183253578,0.992256004171274,3.11317089558755,0.00774399582872577,1,1
72,1,0.00970315299772092,0.0333942186305867,2.99945651670007,3.37729316896265,1.70060797216823,1.92236113414908,0.0443929051650746,3.37536037264746,0.955607094834925,1,1
72,2,0.988974994875052,0.170678723446492,2.94558419089246,2.94675599652373,1.73131094614945,2.72704850313351,0.992482033425369,2.7938611446723,0.00751796657463079,1,1
73,1,0.02422028794807,0.0538216198204148,2.90925512182005,3.42165023342114,1.46621129823283,1.86656281388743,0.0785236070351431,3.41538684558562,0.921476392964857,0,1
73,2,0.991265200102258,0.03462891446273,2.95761720222336,2.56231601406603,1.96785057869154,2.91167943739454,0.991460007215024,2.53530818399761,0.00853999278497645,0,1
74,1,0.107519533719883,0.0329828316007011,2.79165917495451,3.40424095889856,1.62386912341614,2.52754433215636,0.139427962505159,3.39730868227991,0.860572037494841,1,1
74,2,0.991163250096777,0.0559075238936602,2.69711767759137,2.19432015577139,1.4882060338012,2.61895504235325,0.991478796872601,2.16318935609483,0.00852120312739923,1,1
75,1,0.106810433961472,0.298195516025496,3.12282745302325,4.18196378065776,1.96942334410195,2.18064250628068,0.382279402653832,4.13819121469419,0.617720597346168,1,1
75,2,0.945984119611889,0.082162569518535,2.4652948013876,2.28876681715671,1.47466583244702,2.34793486639183,0.950008963874944,2.23960149073481,0.0499910361250556,1,1
76,1,0.0485958384772079,0.0406569198149922,3.39016227202401,3.89925201498675,1.22845544798699,2.37759163136082,0.0891214473692826,3.89749870219232,0.910878552630717,1,1
76,2,0.991050395016526,0.055947978887621,3.14225212142128,2.74504947225379,1.15629223267621,3.02461944925399,0.991466741406383,2.71682362501347,0.00853325859361717,1,1
77,1,0.0663009633646656,0.0508474845825846,2.65737312577194,3.2394364397095,1.34102503684216,2.07958462396773,0.1158680267096,3.23232029763246,0.8841319732904,0,1
77,2,0.388195860358209,0.190268786749531,2.85054568094909,3.33782439838322,2.27254919142977,2.58367086939489,0.521347912711814,3.24268633978966,0.478652087288186,0,1
78,1,0.186148456974074,0.102033113185659,3.21655129046469,4.4699844096845,1.97009496545425,2.7658222290812,0.276057804912641,4.45550854021184,0.723942195087358,1,1
78,2,0.921054555316736,0.0861136890108728,2.94385498256777,2.19585362483883,1.72394478790784,2.8162735714889,0.926003168746949,2.16595160264723,0.0739968312530512,1,1
79,1,0.0508188161476704,0.0584194735207408,2.56801900787128,3.25811143903881,1.47761195183663,1.98922476028287,0.108635711318246,3.25151825559925,0.891364288681755,0,1
79,2,0.947273775228209,0.0826136663311448,3.14239584144874,2.39973210125963,1.44466261351103,2.9848997402698,0.950800881558772,2.37754199389928,0.0491991184412283,0,1
80,1,0.0426033737402295,0.0531144757603036,3.01721670872835,3.94832065377922,1.66435193969644,2.27448620182013,0.0954542017135102,3.94274687278886,0.90454579828649,1,1
80,2,0.951827183551329,0.0427292377887018,3.19456198048183,2.58980297057288,1.47854575464994,3.10966925409091,0.953710894769262,2.57575182514376,0.0462891052307376,1,1
81,1,0.0215524450937168,0.0330886702217649,2.71555784812875,3.49784752923252,1.17486319771261,1.70117337217629,0.0556490798601641,3.49694003011527,0.944350920139836,0,1
81,2,0.953820528348477,0.104659770547946,3.21919855250929,2.39951624596877,1.67365266833014,3.04479292007686,0.9573702408891,2.36575863554062,0.0426297591109,0,1
82,1,0.0108320350949628,0.125407452699434,2.63738067006258,2.95452083645837,1.43229600852219,1.49678793704436,0.136493635471419,2.94988307802107,0.863506364528581,0,1
82,2,0.990148661743251,0.476277386189819,2.92341329471674,2.59945199492724,1.84095534588409,2.36942664046907,0.99381084991743,2.43239644961526,0.00618915008256987,0,1
83,1,0.0293071529436556,0.012688698088128,2.61970754845376,2.99171568780734,1.16046789962115,2.18071475314951,0.0431768728248715,2.99040803138623,0.956823127175129,0,1
83,2,0.987588579497281,0.0807632273433725,2.5179631463856,2.1860901708685,1.9382090641747,2.45769862975767,0.988281880561788,2.16097340909203,0.011718119438212,0,1
84,1,0.0114880437849114,0.0260952199149568,2.69706563932698,2.89243281044831,1.45074668080468,1.74272659200716,0.0392414569368572,2.89108202351746,0.960758543063143,0,1
84,2,0.97435821884932,0.0196542148780609,2.96058798356693,2.79235391365159,1.09389044275992,2.91889928281746,0.974951633388233,2.78669379538787,0.0250483666117667,0,1
85,1,0.0529396671597791,0.105595165379914,3.39601785761552,3.96242497846511,1.60893640919361,2.19679058707681,0.155202478886041,3.9505603546429,0.844797521113959,0,1
85,2,0.986320500351055,0.182904391869963,3.24564614119089,3.03442151336717,2.27011191598648,3.00687365829229,0.988529287964687,2.91015060961742,0.011470712035313,0,1
86,1,0.146564557593085,0.214434737579615,2.97904752745646,3.50859799380737,1.90147007668472,2.25501852044441,0.337348629303784,3.40314853912838,0.662651370696216,1,1
86,2,0.898165472610921,0.241791867884296,3.39496622639704,2.62035708290266,1.5359822682992,2.87182435197162,0.918189001050951,2.51276492721829,0.0818109989490489,1,1
87,1,0.123338827819565,0.0602816008419378,2.88234536000439,3.55470935900264,1.40104306156487,2.40027397738802,0.17996540182298,3.54871527784723,0.82003459817702,1,1
87,2,0.969544591212662,0.0362506430787767,3.54615122001926,2.88949413019477,1.43635907536968,3.46060467646963,0.970465760892967,2.87747698587824,0.0295342391070328,1,1
88,1,0.0548683249760572,0.0469385645134789,3.17421454159782,3.65230577303008,1.47763071814402,2.38935039646415,0.101507480951325,3.64918175253286,0.898492519048675,0,1
88,2,0.992318153059436,0.171273220991069,3.00866267790165,2.92574058133186,2.05916554909521,2.79565372633903,0.993416695781734,2.79798160088623,0.00658330421826536,0,1
89,1,0.0107048448378662,0.0103383931214518,2.79773226657607,3.03773883333344,1.06572563529192,1.79244510044308,0.0230143778984473,3.03743778325919,0.976985622101553,1,1
89,2,0.995033517007615,0.0354810462869845,2.99628357951426,2.8741366471034,1.55765526846391,2.93794677929831,0.995139498682218,2.84052111617959,0.00486050131778187,1,1
90,1,0.0291366347142087,0.0305822521757181,3.04273890181699,3.27518448099421,1.1851297372085,2.02631014858651,0.0609252502870539,3.27310012240777,0.939074749712946,0,1
90,2,0.987692328710145,0.0266362385789403,2.82933207280145,2.44350168649994,1.55401877289292,2.7892854947986,0.987965565302443,2.43124735502743,0.0120344346975569,0,1
91,1,0.0132762344694206,0.0144340103305488,3.2087335316719,3.52955075596681,1.20405961532087,2.03746726813924,0.029776942461885,3.5289929374978,0.970223057538115,0,1
91,2,0.995872121519631,0.0304076176005409,2.67775586431188,2.53196951836155,1.3142738769573,2.63027585719273,0.995949902906213,2.48892021183871,0.00405009709378748,0,1
92,1,0.0428910979879551,0.0489637372361164,2.81408861273819,3.37240383214561,1.40550094813298,2.03629788560156,0.0914836562793004,3.36335793786207,0.9085163437207,0,1
92,2,0.936211281363169,0.134095251693867,3.39707497056508,2.50102670740362,1.80306431238763,3.15717779785325,0.942555318345322,2.45255096623604,0.0574446816546779,0,1
93,1,0.0432976137200566,0.0227485401287512,3.97496369637593,4.30283436081899,1.60449062518524,3.09309458718607,0.0672416834683212,4.30126652839448,0.932758316531679,0,1
93,2,0.984279959555545,0.264457999282082,3.80056174179636,3.71739662878779,2.58947906429572,3.37208026673382,0.988638867286968,3.51860978218513,0.0113611327130323,0,1
94,1,0.0297972172354365,0.0260694676839042,2.65028119649114,3.36716398310164,0.876188463397304,1.72248161327595,0.0569572369906345,3.36694794648134,0.943042763009366,0,1
94,2,0.981239822168946,0.0714251957403481,3.28235309930594,2.64486462585058,1.86916844592409,3.16921652392357,0.982051380136134,2.60816583908673,0.0179486198638662,0,1
95,1,0.0398450913931812,0.030296670017761,2.14305994695542,2.70791766499959,1.13757993013664,1.67664212122135,0.0713349910882457,2.70689770620984,0.928665008911754,0,1
95,2,0.981404678586753,0.0369842442109796,2.40497997483453,1.95577858551349,1.39647581284978,2.35983013836681,0.981908511753362,1.94565940438487,0.0180914882466384,0,1
96,1,0.0842779176113296,0.0147719319195904,2.99718889272188,3.6245923352138,1.09054077906303,2.69245771816633,0.0995005660986394,3.62319677609939,0.900499433901361,0,1
96,2,0.965668626429738,0.0664011335711782,3.15197026812382,2.82737043610452,1.71143343518634,3.0330391699768,0.967673475769067,2.79452999154297,0.0323265242309328,0,1
97,1,0.0674415129426644,0.182120718362376,3.47572447503565,4.01346546682265,1.57128354306777,1.99918662591937,0.24018188995283,3.97013622767746,0.75981811004717,1,1
97,2,0.931517918806527,0.0521685999966876,3.01170092736534,2.83292703320195,1.42505236982439,2.90429260789503,0.934834502481604,2.80411007488823,0.0651654975183958,1,1
98,1,0.0225194622305253,0.0731808200400294,2.94473594415541,3.25853349873625,1.36890378526001,1.69530443611818,0.0953702831968712,3.25553317632435,0.904629716803129,0,1
98,2,0.994164896645051,0.0530716879723878,2.94679193525303,2.69757781009805,1.07899369820648,2.84467136534164,0.994392146325492,2.66643025200325,0.00560785367450768,0,1
99,1,0.074151023757301,0.126527389453158,3.95405407521594,4.66328682181502,1.62456725704588,2.40341619073278,0.193406307864379,4.65542081838688,0.806593692135621,0,1
99,2,0.966992312740385,0.182384416960858,3.3905354536987,3.41807791142964,1.92689272285578,3.04605208188944,0.973029388377621,3.30581352683587,0.0269706116223783,0,1
100,1,0.132276614345827,0.154837148536696,2.81397969787092,3.27182835071242,1.69894179909468,2.15755973875073,0.273212253580693,3.21131361497286,0.726787746419307,1,1
100,2,0.822240651690183,0.0768035860719144,2.43754216265585,2.25716627269594,1.46764774996707,2.30440366737014,0.836714751718213,2.21170927101857,0.163285248281787,1,1
101,1,0.012283412023876,0.0107901637190321,3.40051666638926,3.50455282841457,1.31211935825669,2.2820530517026,0.0243584030702168,3.5043475276311,0.975641596929783,0,1
101,2,0.991770079568964,0.0165143169270681,2.91571937004763,2.94290684688286,1.29458444476862,2.88560262084882,0.991900007263337,2.93132706147668,0.00809999273666282,0,1
102,1,0.0834459856224482,0.0231541944608084,2.48668141208674,3.25379480656701,1.00199015329137,2.13097636272734,0.106559706288533,3.25325175357763,0.893440293711467,1,1
102,2,0.972174406672261,0.0580568658931024,2.88862593675486,2.18949878527896,1.61655493337077,2.80484614586005,0.973349995697279,2.17035219544333,0.0266500043027213,1,1
103,1,0.0227220319843261,0.0224691904203725,2.45857332206614,2.84316649958043,1.10232196603066,1.71634153516433,0.0464494204666541,2.84238318124921,0.953550579533346,0,1
103,2,0.98854015998297,0.0387390820771112,2.53589601061036,2.24757200363744,1.09198443520858,2.47638282039111,0.988936565744537,2.23280468282868,0.0110634342554632,0,1
104,1,0.024911833418673,0.0189961017511508,3.46274729030489,4.01008404611501,2.17861345982959,2.79121390465144,0.0453839225003985,4.00833204293472,0.954616077499602,0,1
104,2,0.9885240344611,0.209673705372693,3.43676227474189,3.0990314433657,2.96368237304144,3.2251727689142,0.989776337976848,2.95112410563769,0.0102236620231516,0,1
105,1,0.0741368297967818,0.041407270788696,3.7132097466242,4.33259647480173,1.39493218893057,2.87099310061452,0.114274254465243,4.33105705085525,0.885725745534757,1,1
105,2,0.99274254357243,0.0843819952360892,3.36812942733674,3.0107216209435,1.74048978363501,3.22163007511837,0.993195583560096,2.96951786460687,0.00680441643990367,1,1
106,1,0.120387555387281,0.0840154068833369,3.01857581254468,3.54849159957309,1.50272091299917,2.36627869936264,0.19798719607357,3.52961932237484,0.80201280392643,0,1
106,2,0.960635051093317,0.143606460728205,2.84774787287965,2.62555885481249,1.67281878223726,2.60775654987887,0.965710043219659,2.51937813031749,0.0342899567803404,0,1
107,1,0.0593208000769046,0.0196082131669387,3.03351520961413,3.18161348909948,0.881031671692125,2.4473779876043,0.0789884098176195,3.18129146983902,0.921011590182381,1,1
107,2,0.975543594323598,0.0956397514204278,2.99964112253865,2.89554392726798,1.74672448657734,2.86325034368704,0.977685929015037,2.86589463949456,0.022314070984963,1,1
108,1,0.025711948009833,0.0454019225466612,2.84834470221154,3.10208553690486,1.48488170029834,1.9920288527868,0.0716751855194195,3.09841643748504,0.92832481448058,0,1
108,2,0.99481987022436,0.0178778412846496,2.59244827648512,2.36157158932045,1.65855388104419,2.57097895593796,0.994874304232936,2.35225186810139,0.00512569576706349,0,1
109,1,0.0730171306600988,0.0441761911136193,3.51564745081457,4.13547274014971,1.62969034070601,2.76944234017316,0.115415819175588,4.13210711128171,0.884584180824412,1,1
109,2,0.990726604144578,0.0930114502088906,3.30000992378445,2.82177803841472,2.19491711946156,3.19118630887937,0.9912998016366,2.77221626640495,0.00870019836339962,1,1
110,1,0.152654791983573,0.0873133359403517,3.80694684189453,3.97060409935305,1.9811940612316,3.0856958486418,0.228871257319978,3.94875483875202,0.771128742680023,0,1
110,2,0.983379520581715,0.0705242840262611,2.90567534392594,2.59221234504159,1.84962091409728,2.82488009314065,0.98438104625987,2.56999171086942,0.0156189537401297,0,1
111,1,0.0785639670666389,0.0308918223468552,3.44059734218815,4.34153362121683,1.37416742426034,2.84878493298826,0.108892740048612,4.33730378453877,0.891107259951388,1,1
111,2,0.946978033040906,0.0803716522601505,4.88781348061817,3.75259506038028,2.12137042599918,4.64663891309652,0.950431785482107,3.71898985882429,0.0495682145178933,1,1
112,1,0.12493488675072,0.113989788746866,3.46405028723473,3.64151263293034,1.78664347186183,2.58812915305651,0.227295102518039,3.5771962495042,0.772704897481961,1,1
112,2,0.881770084805852,0.114489856147637,3.23552427464353,2.61236653154674,1.5502437987839,2.99593132689588,0.893344448747064,2.5661971346312,0.106655551252935,1,1
113,1,0.0310439048042013,0.0397117730841617,2.43529713187504,2.80798560204206,1.50690494985943,1.92899515250004,0.0712158129928242,2.80425439298982,0.928784187007176,0,1
113,2,0.993667988193157,0.057132814917419,2.25754233766058,2.03856981352701,1.60278230675838,2.20987852485672,0.993949727370924,2.01319142732422,0.00605027262907572,0,1
114,1,0.172981662464717,0.237547755463473,2.87764356144362,3.10474080772285,1.85105090846166,2.1625686652424,0.377343233472538,2.93950813655669,0.622656766527462,0,1
114,2,0.849490743377967,0.194892672051328,2.47763652868885,2.31194993226992,1.97618635677648,2.20416509996574,0.884763882363617,2.0694929196201,0.115236117636383,0,1
115,1,0.152846933490478,0.138035669661975,3.44673355170562,3.70683580392722,1.65451700513697,2.49735434751534,0.272762404565546,3.65466967335798,0.727237595434453,1,1
115,2,0.920993816718184,0.0568934145924524,2.51787817404098,1.99094173099374,1.24583535253275,2.43238997694858,0.924985924693942,1.97240477465839,0.0750140753060582,1,1
116,1,0.01544101014899,0.0168732242363082,2.93486017352063,3.19597614195444,1.03880640634248,1.82110871074222,0.0339335884191375,3.19552461777107,0.966066411580863,0,1
116,2,0.990923269167998,0.0456541773693276,3.14634340087802,2.95675020784206,1.33361573583939,3.05675420407041,0.991276662152181,2.93138717445748,0.00872333784781862,0,1
117,1,0.188566800912993,0.293308116372607,3.37799395139932,4.57405474262185,1.62433437486227,2.18805084361418,0.433848437019428,4.56353754451452,0.566151562980572,1,1
117,2,0.946064167678005,0.334847181510759,3.36841448417144,2.5065480294792,1.70338447791972,2.77044982969807,0.960190761683233,2.38912259636526,0.0398092383167673,1,1
118,1,0.0433192893797989,0.0527123466354676,2.33581249165923,2.94979632384354,1.40772764075858,1.83232683354341,0.0956602721590907,2.94318594546381,0.904339727840909,1,1
118,2,0.944724348099409,0.0639748464464236,2.57361395435353,1.95255575308597,2.10746910598552,2.52245874407445,0.946619799318756,1.92823387313776,0.0533802006812447,1,1
119,1,0.0303306907565327,0.0256190166601655,2.62664055759562,2.70433792278272,1.29336158632454,1.98452491347404,0.0572664697883211,2.70237813991436,0.942733530211679,0,1
119,2,0.991208553248882,0.064211288848605,2.67760217389752,2.36047450685211,2.15435268997723,2.62960022504061,0.99158308753978,2.33339131303757,0.00841691246021942,0,1
120,1,0.0442779342486529,0.0380945052869866,2.56038193169961,3.31474946186616,1.43616085440462,2.05590227543566,0.082645918874892,3.31229498406117,0.917354081125108,0,1
120,2,0.957805396799744,0.0426650674344791,2.88175901420621,2.2233586393637,1.4265580165635,2.81389880243103,0.959066402641711,2.2100132852038,0.0409335973582885,0,1
121,1,0.0233905232044873,0.0256809195326544,2.60087891877775,2.74949926567612,1.10221553230497,1.74797612394987,0.0504532797380429,2.74860992183755,0.949546720261957,0,1
121,2,0.993850212699366,0.0627116044134644,2.38209824249276,2.22189690082333,1.37474279387216,2.31227857197108,0.994187673398272,2.187527524584,0.00581232660172784,0,1
122,1,0.046706838079697,0.162448441350796,2.50437309159532,2.95512747147285,1.77316110540219,1.89141265530859,0.204666375158609,2.9060044210168,0.795333624841391,0,1
122,2,0.974386830219947,0.0271177423593681,2.09490376326563,1.65954296328091,1.11603807601598,2.06086814686036,0.975013429351845,1.65146063505684,0.0249865706481556,0,1
123,1,0.207707576202318,0.665922479657082,4.70565446021917,4.44138763650253,1.8794342447291,2.026345859934,0.739264870748363,3.30454759012922,0.260735129251637,1,1
123,2,0.580531542252066,0.537004413715847,3.73668685847641,3.90510269136724,1.98460616431586,2.28751693851483,0.813650201002097,3.10422077975979,0.186349798997903,1,1
124,1,0.195887546424058,0.0243453527030297,3.12852414309698,3.63617039160705,0.961848388759199,2.87422797290583,0.216908294347242,3.63305350840743,0.783091705652758,1,1
124,2,0.903384247942029,0.0453670211918935,3.22044324853043,2.76973771476763,1.44596486889613,3.11900611735723,0.907322615498636,2.74916711241807,0.0926773845013642,1,1
125,1,0.118873544781667,0.0763112525389774,3.29150676782656,3.79657114229596,1.55438126259185,2.57578110473911,0.189420600905721,3.77641931880656,0.810579399094279,1,1
125,2,0.944133158362575,0.097696352399133,2.72037383537234,2.29002772557565,1.47633332748546,2.5639439421142,0.948784748510095,2.24675406251121,0.0512152514899056,1,1
126,1,0.0665023312326629,0.0299756152006642,2.53318199507139,2.98962040167076,1.22520852876839,2.11865376869898,0.0958603952384381,2.98417384227993,0.904139604761562,0,1
126,2,0.970883806699925,0.0363441449195051,2.68294953533715,2.14699064601433,1.128666973538,2.62366619035013,0.971725642107589,2.13530704877489,0.0282743578924103,0,1
127,1,0.0186305086363916,0.0177668856794388,3.30429026903376,3.69757213595967,1.18810061893579,2.10861157916437,0.038263043816415,3.69688110885608,0.961736956183585,0,1
127,2,0.991418772995674,0.0557585735180159,3.38220359285678,3.03510819756671,2.31015869875655,3.30860872968816,0.991763999053505,3.00752644491361,0.00823600094649481,0,1
128,1,0.0252064664165276,0.0207091948609662,2.33805759261826,2.72178774154218,1.05810069279242,1.70101504376156,0.0465776216512179,2.72131568407366,0.953422378348782,0,1
128,2,0.994463109367885,0.0638477049320151,2.54903375381961,2.2460888940053,1.428413662178,2.47077154869251,0.994697353864191,2.21462991076817,0.00530264613580941,0,1
129,1,0.078900303191511,0.0119576358083453,2.56099268557792,3.20762385683476,0.914358375634784,2.2701139994546,0.0917679632122314,3.20723060366175,0.908232036787769,1,1
129,2,0.945718000392891,0.0726981264001903,3.01208065335158,2.20805820444475,1.68090894184523,2.90146678207321,0.948571800084446,2.18621118936637,0.0514281999155544,1,1
130,1,0.0370270391724539,0.0383306235925098,4.56161850360707,4.99570677540005,1.59294426341123,3.10645035613257,0.0758786675930116,4.99277227189577,0.924121332406989,1,1
130,2,0.988555409525368,0.0380293715610106,3.95084709438719,3.88162812948019,1.41770287439265,3.8460672521225,0.988959675298362,3.85802756729744,0.0110403247016378,1,1
131,1,0.0318893654420679,0.0488912870017499,3.28582477888685,3.66010433075702,1.10829229932537,1.94864932912057,0.0809655026345667,3.6591409124028,0.919034497365433,1,1
131,2,0.989086849305855,0.131504620619218,3.45445155782759,3.12350277246961,1.79375295632159,3.22671474032997,0.990303404642343,3.06409078535486,0.00969659535765759,1,1
132,1,0.184751214495457,0.415911643751731,3.77793741630554,4.21247263771991,2.13440919877457,2.41473625197984,0.533480040330405,3.91732326155999,0.466519959669595,1,1
132,2,0.866061158563996,0.116952363073045,2.67314652813092,2.69066839843327,1.96503471454833,2.47943111331865,0.882612982885241,2.55358480811981,0.11738701711476,1,1
133,1,0.148669229678918,0.289193716288135,3.39948267628107,3.93644012075554,2.08374409333839,2.37647633227238,0.402296996413131,3.81337845986004,0.597703003586869,1,1
133,2,0.950697734903979,0.0768859638935366,2.66589372132134,2.34578289392528,1.68561472458245,2.54692907936292,0.953650061397061,2.30587315148064,0.0463499386029396,1,1
134,1,0.027199759948633,0.0716454790153749,3.40916367444287,3.52723679673833,2.03776110710295,2.35043054804534,0.0983907125125694,3.51219585935403,0.90160928748743,0,1
134,2,0.990759307248718,0.310876553198794,3.14367375894538,3.11645984453895,2.15884034612017,2.69106500831888,0.993625237149145,2.86337337163975,0.00637476285085475,0,1
135,1,0.141255378341724,0.160536216286671,3.26585201340343,3.67034970534818,2.38286711881574,2.87365175988873,0.290064509911644,3.52497099226982,0.709935490088356,1,1
135,2,0.917612288463666,0.101453492112461,3.11161931599687,2.51937473455249,1.44605059276237,2.90838623107398,0.925003305952288,2.48187143612047,0.0749966940477115,1,1
136,1,0.0153198083271641,0.01535348699051,3.63326340216134,3.85166204727789,1.16123909590614,2.2691799378361,0.0321164645473186,3.85127628707404,0.967883535452681,1,1
136,2,0.993815976589344,0.0422098772342785,3.29727971737718,3.12014485429648,2.2110977503519,3.24740310770764,0.994002917954607,3.09309504623963,0.00599708204539321,1,1
137,1,0.0158192749833923,0.0125432020801908,3.11566896004882,3.55434450608853,1.05557275791863,2.09462925819549,0.0300342142542066,3.5539001026926,0.969965785745793,0,1
137,2,0.988233155779195,0.106471731386237,2.79834729493606,2.59538715902197,1.86127657185338,2.68014159824146,0.989268341469509,2.55789828029685,0.0107316585304913,0,1
138,1,0.0137113361917404,0.0410681627213576,3.02106846175315,3.25851357488961,1.42540310754268,1.78460853915156,0.0558303615174387,3.25726972758459,0.944169638482561,0,1
138,2,0.991982402876929,0.0417529098841273,3.3014624863921,3.09058379190606,1.82026643571772,3.23226401755642,0.992245434809572,3.06669931278886,0.00775456519042814,0,1
139,1,0.258639275657195,0.10655313744275,4.35306023465935,4.22140888850377,1.98280884770936,3.55600546810989,0.340321060678732,4.13800187715617,0.659678939321268,1,1
139,2,0.913919139907571,0.0536487395433427,3.20651097562953,2.99549095529784,1.87575464556377,3.09378121278347,0.918511861829869,2.95432022161079,0.0814881381701305,1,1
140,1,0.0570049908467918,0.154414533363412,2.59904304299411,3.35525067853853,1.47168014611114,1.72722786517066,0.205610706217659,3.34132845093444,0.794389293782341,1,1
140,2,0.980776704693609,0.151308174986569,2.63282036195961,2.10299214105591,1.5819386118338,2.4486244049044,0.982884546913418,2.04292750666819,0.017115453086582,1,1
141,1,0.027149144313671,0.0470664011412302,2.79983219188616,3.28174966527049,1.80570220563277,2.11640404452836,0.0748269586122602,3.27672322611268,0.92517304138774,0,1
141,2,0.987147263895105,0.0663363975231268,2.72613050202711,2.32713145878427,1.73946279429091,2.65039322278565,0.987778004074375,2.30636826395793,0.0122219959256242,0,1
142,1,0.0292060366819591,0.0256348617581402,3.04510233075827,3.52619839116735,0.998510505241955,2.03084164490214,0.0557893036542333,3.52594737821939,0.944210696345766,1,1
142,2,0.988802507001191,0.0411529286186002,3.10916372792669,2.73845491700466,1.37144182402645,3.03418782748606,0.989122007664334,2.71751571463604,0.0108779923356655,1,1
143,1,0.0152051545270675,0.170870476793064,3.31358190064173,3.64058264130553,1.53521076334618,1.64189051308797,0.184511709515837,3.63645811780886,0.815488290484163,0,1
143,2,0.223687043775754,0.383158593311021,3.39931296067546,3.53014572954009,2.10609645537648,2.43451254691957,0.525479386354056,3.47214336090315,0.474520613645944,0,1
144,1,0.086767627463557,0.103097735293747,2.31287420914361,3.06371374041552,1.29169323097127,1.7442657590622,0.183945876779527,3.0603429982575,0.816054123220474,1,1
144,2,0.950251302347679,0.123002575129,2.65462972793195,2.04521146825572,1.28941964112569,2.47129832234023,0.955003076206578,2.01530584564455,0.044996923793422,1,1
145,1,0.0385158540811449,0.0481048152725094,3.56072180812133,4.01832600300223,1.18245530554534,2.16017703655906,0.0865422821496203,4.01742865721496,0.91345771785038,1,2
145,2,0.988267834012178,0.0314224330045344,4.01378169832136,3.425977870609,1.36521741791466,3.92961698889524,0.988541605125007,3.40832197976652,0.0114583948749929,1,2
146,1,0.0728343227680091,0.0341961828245298,2.39682337495111,3.03476330997672,1.35571705046224,2.05037512293496,0.106626859050933,3.03225217447413,0.893373140949067,0,2
146,2,0.961167464890228,0.0293559173036623,2.45424639324123,1.97513263144215,1.08462517445248,2.40777918182391,0.962194574227419,1.96888333155079,0.0378054257725803,0,2
147,1,0.0367742939209331,0.0363916254183357,2.68425929966951,3.14667430779796,1.39699113105065,2.09155448546306,0.0734825706242539,3.14442010486533,0.926517429375746,1,2
147,2,0.984177355538349,0.0643727792311394,2.64511061191335,2.35822501384413,1.51188947420657,2.56706400825892,0.98497888320839,2.33888731297916,0.0150211167916098,1,2
148,1,0.0167716670172615,0.0244122010263419,3.16737799664151,3.60717042603755,1.38756846321276,2.06548563857743,0.0423108346286545,3.60626952005894,0.957689165371345,1,2
148,2,0.976761101603914,0.0408860952214839,3.24919730320296,2.99687907693957,1.46543773372786,3.17102974767263,0.977662152637804,2.98864377041442,0.0223378473621962,1,2
149,1,0.119256440803026,0.254481277810664,3.90004568298725,4.28990834128531,1.97069608005686,2.44614374444789,0.348401033270332,4.14595376966541,0.651598966729668,1,2
149,2,0.907538778513947,0.0721542629045112,2.65736061353064,2.36797464274521,1.71800872727929,2.54300020943016,0.913552249162992,2.32208037764133,0.0864477508370086,1,2
150,1,0.0874742223897807,0.0852189634282908,2.21651234046154,2.93704996523197,1.37890307024265,1.82066892728418,0.168731149592128,2.92974998301395,0.831268850407872,1,2
150,2,0.871614680562109,0.0611081845979983,2.89432084139451,2.14164280568106,1.20736739153641,2.77366062852094,0.878154518234292,2.1298880139294,0.121845481765708,1,2
151,1,0.0338429970244533,0.0736047901907246,2.67946213035517,3.1292000228341,1.53214912834219,1.87924788053996,0.106686671194896,3.1239819020214,0.893313328805104,0,2
151,2,0.995669858870265,0.0729252953000621,2.49800801765307,2.18639627131437,1.34294474446891,2.40690956690124,0.995860206655875,2.14561484455386,0.004139793344125,0,2
152,1,0.052656775566653,0.0333551935944678,3.16384192548142,3.82149857344135,1.7877892007915,2.64547835474472,0.0866036443519709,3.81910271996535,0.913396355648029,0,2
152,2,0.991494171685731,0.0366703672103913,2.78280997879483,2.42391688358141,1.65233154314226,2.73304288140418,0.991712967296404,2.40666020311297,0.00828703270359582,0,2
153,1,0.0837817337903356,0.0330701060601687,2.20251657068403,2.68951096242729,1.03911732681903,1.85310907402374,0.115997704825061,2.68747190779355,0.884002295174939,0,2
153,2,0.877120891787758,0.553940980781586,3.57180018467171,3.35746222313284,2.59807152002097,2.53052059383729,0.941230743713365,2.23519362967226,0.0587692562866353,0,2
154,1,0.0265571081488432,0.0155166750950087,2.89278902036946,3.31457824921752,0.89897800242471,2.08421957774573,0.0436411931289955,3.31418995753895,0.956358806871005,0,2
154,2,0.990806320363143,0.13968608731108,3.1110883220762,2.82342801918319,1.62075541876796,2.88555624085937,0.991859638240887,2.76506048312374,0.00814036175911348,0,2
155,1,0.0143965334671624,0.0068222184434022,2.65987355685073,2.80784236655752,1.08701371224812,2.03621614767452,0.0221734038571612,2.80778797849896,0.977826596142839,0,2
155,2,0.985465273120191,0.0246318249715284,2.71226808493971,2.53801095894563,1.33462039867529,2.67593627518773,0.985821452622633,2.5331084740043,0.0141785473773668,0,2
156,1,0.0354352834860477,0.0089972086179395,3.30802948403301,3.6618480892402,1.10388238983053,2.77281565553662,0.0458087235525178,3.66166194243055,0.954191276447482,0,2
156,2,0.987241058188003,0.0517263602835153,3.32284568792742,2.91573001199661,1.58307640048894,3.22418348395875,0.987813753903136,2.89626546847374,0.0121862460968636,0,2
157,1,0.124480509331954,0.0397050121973338,3.11549826271056,3.81295386032799,1.27888364503103,2.62988417904915,0.161498485704463,3.81081386256898,0.838501514295537,1,2
157,2,0.951572880221557,0.0445679659817515,3.13105134496049,2.53634335842222,1.55515579104205,3.04871143223803,0.953379451051941,2.52624942464413,0.0466205489480589,1,2
158,1,0.0376634305358218,0.0311254431206348,2.31812331413166,2.95230725401775,1.14546352131896,1.75618112840595,0.0691755696325537,2.95132788686546,0.930824430367446,0,2
158,2,0.961522640441612,0.139980168925962,2.50207274350416,1.96312880077031,1.48868936146272,2.33986291982004,0.965562423540584,1.92420260276474,0.0344375764594164,0,2
159,1,0.0160478780213012,0.0282055006274361,2.79119210828595,3.08847753819923,1.19508451499568,1.71696953481726,0.0451686165874248,3.08778160238234,0.954831383412575,0,2
159,2,0.994704788508888,0.0488692138858072,2.75103454563351,2.55439702232707,1.28348007868262,2.67697218124761,0.994894459370208,2.5249452153332,0.00510554062979234,0,2
160,1,0.0792704379556263,0.0226278217712283,2.36502309806254,2.68967376045966,1.19868836221628,2.06242063628105,0.101990122917076,2.68872279615367,0.898009877082924,0,2
160,2,0.989247888605519,0.155270299659836,2.51045941598216,2.15544277081507,1.57642559852499,2.35264961834658,0.990462864195608,2.11059544551083,0.00953713580439228,0,2
161,1,0.126825490011105,0.0631093483543571,3.29400601618469,3.72506823052815,1.4621053593177,2.68257747134838,0.184525547364375,3.70511378064925,0.815474452635625,1,2
161,2,0.88870510430147,0.0732416865688408,3.35714631276251,2.76941751650521,1.61286225056853,3.19425335833567,0.896044785167135,2.7342958682985,0.103955214832865,1,2
162,1,0.0796659069549439,0.125828395980693,2.58703769628859,3.09851791860641,1.82206790757956,2.11319515142873,0.200280357630959,3.08274120453877,0.799719642369041,1,2
162,2,0.971783429862692,0.0359580756776211,2.51523015581578,2.23889057318536,1.16103925281043,2.46394770132691,0.97255022966083,2.22913497056981,0.0274497703391697,1,2
163,1,0.0227021002515922,0.15563575776387,3.15149835153453,3.26851862839682,1.39208172356919,1.57297918145456,0.176309589899591,3.26511135031148,0.823690410100409,0,2
163,2,0.971925783148849,0.301643248699177,3.30540189701767,2.94918275147599,1.92463936305896,2.84439365517914,0.979420526383806,2.86310066612774,0.0205794736161937,0,2
164,1,0.0798309072252935,0.0973066508232619,3.07092520245943,3.99202706006335,2.16311855809545,2.59612361154063,0.173448596183624,3.97480201205563,0.826551403816376,1,2
164,2,0.96960638442237,0.0133119038948049,3.07748129690452,2.37880734042055,0.786407361847569,3.04186085245668,0.970014066736504,2.37582333266914,0.0299859332634963,1,2
165,1,0.112385371403036,0.11779039601115,3.77756358988191,4.09847255694255,1.95350109735489,2.8174455475167,0.219053393210809,4.08530115723774,0.780946606789191,1,2
165,2,0.992445194550386,0.0407777440797109,3.71995078201012,3.31021114082324,1.38258887964123,3.6192165985567,0.99267033084795,3.28385400836383,0.00732966915204994,1,2
166,1,0.248197293326476,0.0351835874559666,3.24208225107346,3.94436726637585,0.89894692155263,2.92534840398016,0.276680746082392,3.94318855412297,0.723319253917608,1,2
166,2,0.947275214734981,0.0876464251620693,3.54563484937168,2.85922480185109,1.54392372982757,3.34891226096882,0.95147752204314,2.82743848656529,0.04852247795686,1,2
167,1,0.215864908982293,0.130209706345686,3.97432398359681,3.90799592258541,1.98703635468035,3.12270658961837,0.321564546838305,3.80241716281456,0.678435453161695,1,2
167,2,0.847554468758674,0.0578093108245769,3.34107085893832,2.87283233730088,1.51305918544684,3.2010275125687,0.855385012077329,2.84394996898778,0.144614987922671,1,2
168,1,0.0155648896270293,0.0738826927339787,2.66696387528441,2.92070905074205,1.14844315924962,1.36714018684067,0.0897121556706765,2.91946827409064,0.910287844329324,0,2
168,2,0.992500258539899,0.104000006803916,2.61114828657602,2.37035923885078,1.5360137500506,2.49027569506451,0.993145377734728,2.3324126546914,0.00685462226527207,0,2
169,1,0.0494035012304516,0.0831914189085404,3.2311207376215,4.03151800768162,1.75797713151044,2.28859935266712,0.130926229327619,4.02087322963495,0.869073770672381,0,2
169,2,0.975427764047016,0.0766182471057849,3.9162994634932,3.34869233807006,1.54490946660812,3.71981085652693,0.976939774333176,3.31600312771005,0.0230602256668236,0,2
170,1,0.0321778899338286,0.115818711827347,2.40520892277025,2.90460826064685,1.50716636428237,1.66560585187818,0.146936351058991,2.8826677727288,0.853063648941009,1,2
170,2,0.961945212816354,0.130865518567527,2.66600525356797,1.99814937911564,1.44056971333177,2.48351689781487,0.965771062900011,1.95520659396149,0.0342289370999892,1,2
171,1,0.0273898093685743,0.0401613294024356,2.44040979573416,2.88449901643472,1.29890706574013,1.71025586707902,0.068279850575135,2.88277460668487,0.931720149424865,0,2
171,2,0.990777523146255,0.0597296936436621,2.47979270220972,2.23566394081105,1.27457823823094,2.40172923647014,0.991187781007598,2.19969692999416,0.00881221899240158,0,2
172,1,0.0836843438663234,0.0894094144136162,2.58854002309897,3.53642172501127,1.16693234048486,1.82107286533779,0.16742402017672,3.53502845427786,0.83257597982328,1,2
172,2,0.9255310634647,0.440350081480918,3.76208803751455,3.54485228335982,3.30488864754017,2.97056706799693,0.956961861953795,2.47953006268194,0.0430381380462052,1,2
173,1,0.011128861045489,0.0236892092077278,2.62849047963413,2.97215242483418,1.60230303528441,1.90928513103787,0.0361512107720335,2.97129985075091,0.963848789227967,0,2
173,2,0.984771490504446,0.096556278576151,3.07238590392278,2.81647292327654,1.93001680023868,2.94800751753677,0.986009294770479,2.7858583348322,0.0139907052295207,0,2
174,1,0.0542779886613533,0.0723117779570255,3.31391511284861,3.68555054659597,1.39889587387655,2.19193381254548,0.124413636765449,3.68318367425553,0.875586363234551,1,2
174,2,0.97961348327576,0.0907528537909128,3.25279851197207,3.1761092356389,1.31214051551936,3.06704093574284,0.981297378760618,3.15320383700809,0.0187026212393815,1,2
175,1,0.341517240646598,0.166574217326537,3.58700665697621,4.64466573184018,1.79226671757319,2.92064486893075,0.459592914815094,4.62030202757366,0.540407085184906,1,2
175,2,0.955453875970225,0.0442750318016922,3.94783098265109,3.30847261586533,1.56507440080469,3.83202125144776,0.957252510492617,3.2896105871235,0.042747489507383,1,2
176,1,0.0122982430279161,0.0525131905213133,2.72416591409327,3.05836020762731,1.66090786064264,1.82752553847217,0.0656709471502669,3.05677946358188,0.934329052849733,0,2
176,2,0.992050801873972,0.0524646580801149,2.78558447980242,2.56968816568584,1.802836745412,2.72551565971446,0.992360399371351,2.54964096087264,0.00763960062864854,0,2
177,1,0.154678414667854,0.0350024276569619,2.84356897302088,3.30636920709213,1.26405059217746,2.52139579026573,0.186364722829071,3.30126175089593,0.813635277170929,0,2
177,2,0.857144531858565,0.497792026798603,3.8141417564916,3.68908795057481,2.61099213239061,2.70900815155468,0.928328949935665,2.68569316126615,0.0716710500643347,0,2
178,1,0.0400236653241606,0.0326601249626897,3.77920071802741,4.26248704048796,1.50373345210822,2.74140532838208,0.0727142089778474,4.2615410946344,0.927285791022152,1,2
178,2,0.973869593082754,0.0311123452853663,3.54712373708557,3.429363713787,1.60879959980475,3.48688251838489,0.974619750141647,3.42089073403231,0.0253802498583528,1,2
179,1,0.0981446354387279,0.0616414652692223,2.53904916417862,2.80253733626308,1.16018453683733,1.98878928057281,0.155834415762273,2.79270871926181,0.844165584237727,1,2
179,2,0.957039550521851,0.0692441499742994,2.8162046324889,2.03864683998958,1.5042724286152,2.71430068237274,0.95912717152346,2.0191354032563,0.04087282847654,1,2
180,1,0.043952090266482,0.034451092542073,2.83188839352778,3.55034558351208,1.41046147407237,2.23034422681568,0.0788163454559075,3.54786849029989,0.921183654544092,0,2
180,2,0.978463254770549,0.154073177076773,2.93031528023985,2.37133788789087,1.78370333357932,2.73397505042917,0.980946398153427,2.32205421793734,0.0190536018465731,0,2
181,1,0.093277299377867,0.0613573321213498,2.96661457221997,3.66717381982207,1.41612724243633,2.30943983201196,0.151507675160752,3.66197245750681,0.848492324839248,0,2
181,2,0.985261180989689,0.0358119615842689,2.94941174931963,2.54017403894088,1.63421645541736,2.89241534034332,0.98572652954723,2.52000837144,0.0142734704527699,0,2
182,1,0.0155710684788519,0.0887837731638272,4.00096597988365,4.12605074495147,1.36434312511125,1.7213393860412,0.104358898257868,4.12456899050973,0.895641101742132,0,2
182,2,0.988305725762181,0.121446964964733,3.20059851868068,3.10889613153601,1.63806913059455,2.99869810423205,0.989551487076594,3.0638448387995,0.0104485129234055,0,2
183,1,0.0313297239512521,0.0273110336293724,2.64622511035251,3.31968978896159,0.969318563323008,1.85105500406788,0.0592283174045143,3.31910010667286,0.940771682595486,0,2
183,2,0.973515224010392,0.0362926441247683,3.31447410896183,2.5707543564674,1.18933347814464,3.23353621118413,0.974444584218018,2.56277761613525,0.0255554157819815,0,2
184,1,0.0124219190283614,0.00609201907271054,3.16945694112561,3.59042101448862,1.13128571750802,2.2851040671206,0.0206351142635902,3.59031883665349,0.97936488573641,1,2
184,2,0.989826404002072,0.0262413956349175,2.87662552469575,2.78512228717173,1.63807826802674,2.83698269681372,0.990097695711315,2.77049816240052,0.00990230428868474,1,2
185,1,0.0611222496958561,0.0762732375076583,3.53028908901879,3.54359712499223,1.34042086300236,2.23739180044764,0.134579211651036,3.5421202007343,0.865420788348965,1,2
185,2,0.428777350988443,0.078691363982374,3.57998373842185,3.46918527168871,1.58523406092742,3.23220811354742,0.474924380687283,3.4631396012847,0.525075619312717,1,2
186,1,0.0468405615686502,0.128629195356452,2.31338556605502,2.84633485872434,1.38533975209608,1.58934206268986,0.172587719914346,2.83624328161777,0.827412280085654,0,2
186,2,0.968687761208249,0.0318751199027771,2.37975504020565,2.05846372813491,1.29648472270843,2.33207865615586,0.969570960458139,2.04269233113494,0.0304290395418608,0,2
187,1,0.0316636309669411,0.0246524252923434,2.6435459600365,3.20708722914914,1.33613339580532,2.04699257898409,0.0576548235401095,3.20611163224985,0.942345176459891,1,2
187,2,0.993961677047442,0.0515972980603131,3.1501063702508,2.64404710044605,1.78414871352672,3.07086896152936,0.994160113797175,2.61135265067147,0.00583988620282531,1,2
188,1,0.0387746634289764,0.237499514630751,2.49449842105971,3.27923853898409,1.42384524173867,1.53501805960325,0.269616842797202,3.27054312262283,0.730383157202798,0,2
188,2,0.923981552005399,0.167928495864332,2.95451234673958,2.72191313741761,1.58475032595342,2.64886519563197,0.9363494523777,2.63706614615794,0.0636505476223001,0,2
189,1,0.0675980344611136,0.252880243651148,2.59097024904115,2.98404547063377,1.71511607255285,1.84608035548889,0.308476785970211,2.8706697124492,0.691523214029789,1,2
189,2,0.770044260270675,0.547081987418346,2.83780396597467,2.81496079356792,1.97010205613561,1.94274463212189,0.89630757661128,1.8670889546898,0.10369242338872,1,2
190,1,0.008109579152693,0.0766538025058623,2.47091706189836,2.77658824954592,1.5793923804424,1.63497589919124,0.0858636585389228,2.77441897469792,0.914136341461077,0,2
190,2,0.977288429457497,0.693028326991614,3.04846712084433,2.89112583950388,1.92452538895482,2.18854258486245,0.992361189208628,2.47509851971846,0.00763881079137157,0,2
191,1,0.0189961707821683,0.107897378409613,3.25748118732219,3.65823921591895,1.76747609145454,1.96211029729226,0.12644830028307,3.65461605120025,0.87355169971693,0,2
191,2,0.991506347250023,0.289948604119564,3.12149184297703,2.97624399609371,1.88003432498744,2.73102132730845,0.993637768389986,2.85086779077656,0.0063622316100146,0,2
192,1,0.0622601629118413,0.0201439403272336,2.99110718220665,3.47374430122742,0.820219038190663,2.41526398744681,0.0823731959948498,3.47359672235221,0.91762680400515,1,2
192,2,0.995619494717589,0.0102852644264563,2.48089695987278,2.21832820889319,1.0638455821457,2.46266003280608,0.99564068890634,2.19891620692197,0.00435931109365977,1,2
193,1,0.0557635310272407,0.0519504565958445,2.56326513595796,3.20205069383448,1.38129154226903,1.92420835265972,0.107076439578803,3.19994084321627,0.892923560421197,0,2
193,2,0.973701619392528,0.0370179480930069,2.78165314028881,2.26614014236465,1.56894399649348,2.72858829554027,0.974490719634036,2.25600700693297,0.0255092803659642,0,2
194,1,0.0485221268006596,0.0907636554786223,2.37324959298995,3.04303186642878,1.32826321413228,1.66289734246028,0.13701824636174,3.0371430485684,0.86298175363826,1,2
194,2,0.962379940320766,0.0803739219857741,2.60968242294837,2.07589175160011,1.44066742369925,2.50175555296433,0.964769912937293,2.05507542772454,0.0352300870627076,1,2
195,1,0.213258988414967,0.0853578654629455,3.77416931261754,3.55866081386948,1.55180276628645,3.05857282042435,0.282286440014443,3.51455235969298,0.717713559985558,1,2
195,2,0.8454153963832,0.0670839926319503,3.49024286636257,3.08867635120553,1.77802269101002,3.33069067125446,0.855190163771913,3.05072613362051,0.144809836228087,1,2
196,1,0.0804342778318209,0.0471637297226716,3.55262749580593,4.29112866887835,1.40203990161627,2.74632756600348,0.125325659840622,4.28501008868488,0.874674340159378,1,2
196,2,0.98848148885065,0.0457959901202128,3.65616610144761,2.84573199448748,1.69812860740275,3.56480770608611,0.988861034031135,2.82171895762319,0.0111389659688646,1,2
197,1,0.0617845272014309,0.0404710060810374,2.38908706538349,2.90769470929139,1.27871037514215,1.92480357246867,0.102638837665844,2.90095853557533,0.897361162334156,1,2
197,2,0.956295971885226,0.102863851543402,2.53385891827128,1.97144161244618,1.49052005923331,2.4023568167665,0.95985855420096,1.93508975953914,0.0401414457990403,1,2
198,1,0.0327895700167022,0.087171386291535,2.61416939280761,3.15339598514469,1.79718588112236,1.98525292820425,0.118872564883667,3.14427585712323,0.881127435116333,0,2
198,2,0.982193596247009,0.0895116247770493,2.64204182020249,2.27035843064156,1.5305753453128,2.53329064350277,0.983607943826268,2.24369428641888,0.0163920561737322,0,2
199,1,0.0320597624070319,0.0511420172718069,3.44409732928173,3.96189713615587,1.24772293086138,2.03817688855109,0.0825220472458158,3.96062024824366,0.917477952754184,1,2
199,2,0.976752883014294,0.106861071397627,3.85618077155524,3.35420648132715,1.81708846240486,3.62572695016272,0.978834554721353,3.32778721100978,0.0211654452786464,1,2
200,1,0.0855564085662073,0.0231222347812025,2.35260149311213,2.68758790972679,0.880054249520079,2.01886978657233,0.108263513364405,2.68737261556197,0.891736486635595,0,2
200,2,0.98605267970611,0.0503367357336055,2.49777884436577,2.1306255800972,1.79916579447767,2.45236835624871,0.986415268930212,2.11069880306688,0.0135847310697879,0,2
201,1,0.0618830695325703,0.0422739344150349,3.64579489773248,4.52153906968902,1.58831783783005,2.76923921870527,0.103991922221188,4.51881478293262,0.896008077778812,1,2
201,2,0.948888269001032,0.0875354739284051,3.78262659883914,2.96860552505653,1.57172238479866,3.57287657470571,0.952685328433023,2.95278324188835,0.0473146715669772,1,2
202,1,0.0403903384799835,0.0496417364632928,3.98475957596938,4.11712158790664,1.66903007276753,2.66052737691054,0.0895936669772589,4.11430265082936,0.910406333022741,1,2
202,2,0.5360402112449,0.0699832397980436,3.71686303653564,3.8523029156766,1.70665968728763,3.45898044073832,0.5692576450015,3.84855415813755,0.4307423549985,1,2
203,1,0.0299489563478879,0.0621801618460123,2.95982238143509,3.56382206673612,1.47879890684351,1.95156661833593,0.0922587055831166,3.55896059426947,0.907741294416883,0,2
203,2,0.97994695755603,0.0521260292473495,3.25651757808304,2.66610523527536,1.46813580210144,3.16142342818538,0.980851172257769,2.65092694872632,0.0191488277422311,0,2
204,1,0.0423644829321736,0.0487383279483218,2.85504026535655,3.28203000397689,1.39278380104948,2.11760128705681,0.091122653092264,3.27884701937229,0.908877346907736,1,2
204,2,0.977480547079228,0.0838360803615038,3.35048980757827,2.95379271643102,1.75287098628907,3.2022567121781,0.979158359253843,2.92703169128529,0.0208416407461568,1,2
205,1,0.0390422416283686,0.455326862802758,2.81389014843935,3.38033528114698,1.22286025120405,1.28882575586431,0.477350628765038,3.31984200349307,0.522649371234962,0,2
205,2,0.990146046919211,0.662705129178032,2.6033484656219,2.40329637150031,1.2331355081678,1.67608430066067,0.995010951413931,1.78691841409917,0.00498904858606951,0,2
206,1,0.0148219649012638,0.0210278402146156,3.09172101045502,3.57580222987048,0.981538707933371,1.77579642238911,0.0371422127546976,3.57552475509429,0.962857787245302,1,2
206,2,0.991028917440023,0.0640807659319678,3.11163723884882,2.74816253835397,2.08460671704749,3.03765022926801,0.991482069222246,2.72319071880288,0.00851793077775401,1,2
207,1,0.0641967932993501,0.0907329401993098,3.55358549516328,3.91269427349446,1.7013685804491,2.41599269020838,0.151336515962645,3.87678446966171,0.848663484037355,1,2
207,2,0.960122666740565,0.135183997074994,3.19598797344346,2.51842671195303,1.240591599194,2.91296807473232,0.964472633355347,2.47390023054198,0.0355273666446528,1,2
208,1,0.0159870525302215,0.0178264104496281,2.50341504256203,2.98386024046564,1.42765443767393,1.86095832444899,0.0355391851048491,2.98324101829768,0.964460814895151,1,2
208,2,0.981384038372218,0.0477971908803828,2.98958945177238,2.51422271271367,1.76548297266854,2.92351629783941,0.982098306208006,2.50114166760895,0.0179016937919944,1,2
209,1,0.0179713132366096,0.037427560445544,2.31218102879598,2.78474432653106,1.24845081709046,1.53048562456359,0.056673843620579,2.78348442987707,0.943326156379421,0,2
209,2,0.992286022346003,0.0988918618373322,2.75918839628834,2.50896315787101,1.91379545397163,2.64078059290067,0.992821280818196,2.43956171745326,0.00717871918180365,0,2
210,1,0.0937919634874627,0.1469181755976,4.16825265143877,4.89846149901175,2.05466099441694,2.83948856745908,0.230150484414573,4.88608517654955,0.769849515585427,1,2
210,2,0.977413872034985,0.0555533226282961,4.06027864752241,3.72644184686449,1.43191710038087,3.90883913318173,0.978577819334071,3.7091958292465,0.0214221806659293,1,2
211,1,0.0905112756478454,0.0258659921154285,2.87062846101077,3.42820885819055,1.14419978022422,2.47079365391474,0.116290801134481,3.42581916570149,0.883709198865519,0,2
211,2,0.960575689061883,0.18108133589369,3.31096294114408,2.69752634402231,1.83410563581965,2.98386791908663,0.966433601033704,2.60342479499493,0.0335663989662959,0,2
212,1,0.06526428856371,0.0766985370443523,3.62862049541918,4.11246250553146,1.7423523647419,2.56672699597154,0.138354501351497,4.10887969693226,0.861645498648503,1,2
212,2,0.978793531924008,0.13166202567257,3.68019776407765,3.70618074572776,1.72536906079565,3.3986692271185,0.981339772042308,3.66059137335357,0.0186602279576918,1,2
213,1,0.0108793218827775,0.0515131588101104,2.61522281126684,2.98403111327235,1.72334694496047,1.84925874173747,0.063121927352486,2.98044461499721,0.936878072647514,0,2
213,2,0.989779042368745,0.124461552864038,2.73812464808179,2.54762994191852,1.76706187782867,2.60511618816829,0.990754930018118,2.50179822665866,0.00924506998188172,0,2
214,1,0.0306191171683431,0.14079400274441,2.77414108484939,2.95701250498745,2.07756104068878,2.18596423813942,0.169069208929944,2.91413635777403,0.830930791070056,0,2
214,2,0.992666243224711,0.0518297337076769,2.51651337272442,2.35138381762016,1.48465770298004,2.45435830344309,0.993019138869961,2.32351680319342,0.0069808611300392,0,2
215,1,0.0552585969129813,0.0299267676042205,3.59154544963576,3.91066156959406,0.983460373524406,2.54507514455337,0.0858186752472485,3.91041709356291,0.914181324752752,1,2
215,2,0.992130104087074,0.0406401817845803,3.66840378234131,3.19673331824326,1.92631551910108,3.58907734390352,0.992375619674376,3.16958391155683,0.00762438032562415,1,2
216,1,0.0229568654936106,0.032349017552254,2.69918271964296,3.1018300638146,1.59651144402687,2.04897498007455,0.0558701274984145,3.10029443733599,0.944129872501586,1,2
216,2,0.986656771289632,0.670906698671396,3.7319397693377,3.62544184491115,2.51394523017374,2.65859509535394,0.994990126363211,2.74320776870629,0.00500987363678931,1,2
217,1,0.0159898337345001,0.0181878054894136,3.12142697240147,3.31542132397486,1.1541976979934,2.03108731574499,0.0355650310487402,3.31381208940517,0.96443496895126,0,2
217,2,0.99534771853983,0.0205195907693698,2.60860834311487,2.303860196304,1.07244315788607,2.57251347889111,0.995409389683572,2.28343169894061,0.00459061031642768,0,2
218,1,0.16766981877658,0.0467118741502125,2.70874372244145,3.51657728497604,1.15314219278266,2.34857482465962,0.208131730815388,3.51470235151901,0.791868269184612,1,2
218,2,0.972002206415509,0.0536908233221946,2.8426638785588,2.26269064978197,1.2616713896172,2.7516484021857,0.973125971274827,2.2464569644322,0.026874028725173,1,2
219,1,0.0899154536613472,0.277754654879424,3.00978793087633,3.32216082108344,1.91755155959767,2.08111723740234,0.346292658164839,3.14980430768504,0.653707341835161,1,2
219,2,0.867514615227315,0.232539925822437,2.82832065624775,2.57223289328617,2.06785671764952,2.43167519157359,0.898268785621621,2.30069872905925,0.101731214378379,1,2
220,1,0.0670935986834195,0.0588280255750878,3.58088332277357,3.93200935192029,1.68323813165161,2.63474134600332,0.123545618704373,3.92797939027632,0.876454381295627,1,2
220,2,0.985142820688948,0.0908422978886285,3.4145273458446,3.19587236502599,1.64729112466306,3.24135858875022,0.986364426659265,3.16644558567046,0.0136355733407351,1,2
221,1,0.0271099336148913,0.0298638580634227,2.5530571203693,3.08077428188566,1.14836882234211,1.74126195035376,0.0583985053354465,3.07999030900002,0.941601494664553,0,2
221,2,0.991275977319754,0.0443141411161386,2.57392011603437,2.37933402051091,1.34934924356695,2.51051541703909,0.991583650466088,2.35815217825974,0.00841634953391208,0,2
222,1,0.0989820480960324,0.0277878021914747,3.37557507538856,4.13619434508564,1.35184453816769,2.95362680416393,0.125943307862424,4.13404596113772,0.874056692137576,1,2
222,2,0.961281131676536,0.0583569097297602,2.90849151412168,2.52773183180438,1.40679679278136,2.80890185969205,0.963281466880503,2.51316752304199,0.0367185331194969,1,2
223,1,0.0575845409020281,0.051685600203344,2.55188630990791,3.16322978448801,1.25224915355515,1.93531477610826,0.108170541502733,3.15550025921358,0.891829458497267,0,2
223,2,0.914120286688852,0.0962294892790025,3.03674938790343,2.18664591863612,1.41956706574679,2.86323266206626,0.920294453535099,2.15585568733038,0.0797055464649012,0,2
224,1,0.0500365312266763,0.014002885557332,3.4331925789759,3.88223921191782,1.21198374369766,2.84557997492467,0.0653027699238725,3.88189207478759,0.934697230076128,1,2
224,2,0.979223791955088,0.0289028441454461,3.62408448657768,3.08248378872024,1.30791045352747,3.55394164591837,0.97987019483701,3.07355243850193,0.0201298051629902,1,2
225,1,0.0202808617824022,0.015133863233211,2.73563280723145,3.30881962084955,0.94437826242238,1.90209634259813,0.0367832039144555,3.30850547377706,0.963216796085544,0,2
225,2,0.95780928057487,0.103882602520112,3.358172701155,2.6912992479407,1.45185902064311,3.14362036830812,0.961790878424608,2.66916599727149,0.0382091215753922,0,2
226,1,0.0223165099091045,0.165359283109625,2.51349110633208,2.91621229749732,1.50180940633595,1.5972808522301,0.185427673986359,2.9121880034905,0.814572326013641,0,2
226,2,0.988984256845858,0.495210961077603,2.74864189529635,2.35368974447057,1.66145516211563,2.19143542844088,0.993060093269668,2.20279629810721,0.00693990673033216,0,2
227,1,0.0121677628105969,0.0192177241622558,2.33669337236689,2.73202396402952,1.55652499303768,1.81853115449717,0.0328040624131744,2.73129374785027,0.967195937586826,0,2
227,2,0.956445539384374,0.875741660698221,5.60087005367528,5.99602162204323,2.34145283041597,2.4203775883143,0.993014555850926,2.58941834699337,0.00698544414907398,0,2
228,1,0.0231453617945017,0.0252085507774243,2.45590170642945,2.75837192813343,1.30309176165211,1.86661178737179,0.049178090963288,2.75730392033415,0.950821909036712,0,2
228,2,0.993188196484365,0.0361614873911702,2.9732737356454,2.62589990699548,1.47770362939194,2.91889221705274,0.993339917247117,2.60573714738239,0.00666008275288244,0,2
229,1,0.0779585526215784,0.097436066841075,2.83628730659347,3.42548516026283,1.22782359312209,1.90123034492106,0.170712712945464,3.41394174597886,0.829287287054537,0,2
229,2,0.930898181158349,0.066613730767531,2.8740685415461,2.32477961990779,1.38755363555264,2.75064311317257,0.935110477675434,2.30116946047547,0.0648895223245659,0,2
230,1,0.230974401888304,0.0387404586553893,2.69129067300122,3.37079497715086,1.1846832982443,2.46867103531471,0.262804915572748,3.36701885004304,0.737195084427252,1,2
230,2,0.950391445082951,0.0643404022698808,2.78087873073211,2.18845530411918,1.20132754708424,2.66857211013421,0.953104284880592,2.16994908141687,0.0468957151194081,1,2
231,1,0.0732121654111608,0.0323645820717708,2.84867835708059,3.54585782945674,1.28296704213354,2.33357158759341,0.105254559190554,3.54325735668175,0.894745440809446,1,2
231,2,0.961201834262953,0.0673307954637642,3.579687692046,2.85093141955455,1.77033157098948,3.44371036552301,0.963223805793639,2.82480335720954,0.0367761942063611,1,2
232,1,0.0277676988160944,0.0526467527155132,3.19474240563259,3.77659413942875,1.70262832190174,2.16647418329333,0.0807650985846882,3.77323355485704,0.919234901415312,0,2
232,2,0.982749911300879,0.0653564906170502,2.89068153613517,2.71629108211165,2.00447577861535,2.81122201021357,0.983845674512979,2.68753763051963,0.0161543254870206,0,2
233,1,0.0127705698508343,0.0467767621941102,2.70506134582422,2.95510544518355,1.19689839558555,1.49451335089726,0.0605254613414807,2.95446619696844,0.939474538658519,1,2
233,2,0.993117353135653,0.0287580543041899,2.80342727058412,2.70535486733328,1.31575678010434,2.75435221205215,0.993286052424618,2.68822099431894,0.00671394757538173,1,2
234,1,0.0216447482346048,0.0455538970149341,3.17789958117811,3.4011704830581,1.70837742525378,2.14132901186367,0.0680434547986813,3.3947361882479,0.931956545201319,0,2
234,2,0.992448747307975,0.0547706209016727,2.98246341332666,2.8530294489069,1.41409775071458,2.88906757032486,0.992784765804032,2.81817611930345,0.00721523419596745,0,2
235,1,0.0250068739191103,0.0228255132584881,2.42500911878281,3.08151411098465,1.14239294043894,1.74957830784152,0.0489630555065484,3.08083315565321,0.951036944493452,0,2
235,2,0.984814276331853,0.0889751251022596,2.49966321198694,1.95308132192774,1.40237861707264,2.39253248304919,0.985775615566655,1.92949853326845,0.0142243844333452,0,2
236,1,0.0437069121470449,0.0351145376881172,2.80529168008042,3.33393193972505,1.36609934996508,2.1710896665883,0.0790501069665639,3.33095213760911,0.920949893033436,0,2
236,2,0.966014609929202,0.268782558636616,3.2280375689235,2.69303052546568,1.80062853086802,2.79890691586149,0.973301489120581,2.58979804745172,0.0266985108794195,0,2
237,1,0.0515728392114725,0.0227310284973528,3.3358173325,4.31235376196199,1.18919133227938,2.64117489263806,0.0749185387242413,4.31104874746544,0.925081461275759,0,2
237,2,0.956175556553784,0.109257312080848,4.15148229016309,3.44106719952061,1.78991851044368,3.86537508575359,0.960440011283975,3.39728557404521,0.0395599887160249,0,2
238,1,0.0134244429128738,0.0250198363391121,3.24656663360139,3.54793069793868,1.02949458268392,1.76624061697175,0.0397644690943311,3.5475587691615,0.960235530905669,0,2
238,2,0.991862324741295,0.060279029146304,3.42611804057814,3.28156271559325,1.52246332544264,3.30274114227191,0.992288899349023,3.24564557374407,0.00771110065097696,0,2
239,1,0.0277444578273278,0.0159697024914426,2.18982940425854,2.72777703891961,0.874111750932769,1.65154344047833,0.0453930498739648,2.72761592459195,0.954606950126035,0,2
239,2,0.988125935501951,0.0395340531541919,2.50692458596966,2.07160849746826,1.4981692664534,2.46018415423141,0.988463717180452,2.05638105332274,0.0115362828195482,0,2
240,1,0.0646592554821766,0.0578361269209703,2.73017125203355,3.43497389506466,1.46732263436901,2.15341651926504,0.120677847374339,3.4289644279848,0.879322152625661,0,2
240,2,0.981057353302204,0.0373753856703044,3.18061781766046,2.454304008031,1.31092808642124,3.1038492141618,0.98164378725173,2.44134208838776,0.0183562127482701,0,2
241,1,0.0507985647391876,0.351404190554953,2.92561858387099,3.84071782057193,1.76306698442145,1.85302318888544,0.387998478592591,3.8104206785861,0.612001521407409,1,2
241,2,0.9062103322224,0.177891814108307,3.2931534880262,2.79650756850981,1.45990081614897,2.9105226092416,0.921163410596394,2.72357312908351,0.0788365894036066,1,2
242,1,0.0529064287346135,0.0883401526769414,2.58835796192885,3.17397148958212,1.37906501385863,1.80792867996817,0.138565342981374,3.16333727897853,0.861434657018626,0,2
242,2,0.920672313920657,0.111650179388467,2.93720689972301,2.20080651452856,1.38441313709054,2.74031355660659,0.927861525688852,2.17086918189491,0.0721384743111473,0,2
243,1,0.0691328974436787,0.101576465473739,3.49222131677747,4.50357069587023,1.67300798151807,2.35399922839705,0.165925505160495,4.49217830643665,0.834074494839505,0,2
243,2,0.930373205491104,0.0535898482259411,2.9825222900376,2.58384702666283,1.4175461709078,2.88084906566412,0.933732112961994,2.56273320177935,0.0662678870380059,0,2
244,1,0.111041265412291,0.156019346425142,2.7187698867331,3.24278986156868,1.5219349663596,1.96553563118002,0.254158506239324,3.20592606303063,0.745841493760676,1,2
244,2,0.559682391280794,0.106289772720667,2.62058230424289,2.7254524113147,1.771628631337,2.42373997278039,0.613058001264428,2.63513114812177,0.386941998735572,1,2
245,1,0.0246298566901445,0.0150407139439573,2.69635510887187,2.92231492679925,0.931657287743802,1.94846710743101,0.0415088609407414,2.92210215062039,0.958491139059259,0,2
245,2,0.992098360390783,0.0319610419046229,2.68286344931869,2.47822673506379,1.50459278015699,2.63896940187285,0.992299636076769,2.46176008829851,0.00770036392323057,0,2
246,1,0.0598334369124752,0.0738125298096773,2.90758469715629,3.37449295036376,1.91760999594465,2.34413087499745,0.131565047074736,3.36452258120679,0.868434952925264,1,2
246,2,0.988735322642021,0.0414864636034501,2.9984211037135,2.62140772777555,1.38432636426505,2.92505402817297,0.98911971597874,2.60388037516378,0.0108802840212605,1,2
247,1,0.0208718315001793,0.020020602316899,2.61249094932897,2.92510579856514,1.35973634192745,1.96925303348839,0.0421286395563882,2.92426451787808,0.957871360443612,0,2
247,2,0.994224112856538,0.0304329146649831,2.55472077047229,2.27402218851788,1.60052506612689,2.52291689675125,0.994334701178628,2.25237170684251,0.00566529882137231,0,2
248,1,0.0351920799188942,0.010650850390231,2.70335972325234,3.1772603326307,0.900156299824549,2.22846075198844,0.0470354850116167,3.17717328238597,0.952964514988383,0,2
248,2,0.995984143564657,0.0348633142282947,2.53211493903577,2.29851085783996,1.04565178529317,2.4769604043697,0.996070555606703,2.26947299574696,0.00392944439329676,0,2
249,1,0.0603699283128106,0.0174334028351851,3.22077262616065,3.98228869959633,1.0525038693897,2.66740067552998,0.0783132722680018,3.98189096838125,0.921686727731998,1,2
249,2,0.98776908835845,0.0376665276470852,3.31482065726209,2.67687393424292,1.653766793817,3.24526020380981,0.988104885400614,2.66052186632869,0.0118951145993858,1,2
250,1,0.130212991549259,0.158051479365123,3.16674343270399,3.44061850356234,1.66385821691682,2.26549342277982,0.270654257361218,3.38116057789618,0.729345742638782,0,2
250,2,0.924999069748761,0.0739581575282502,2.35734935656073,2.05854567206826,1.19827800075935,2.24742251556949,0.929860594278872,2.03177434995444,0.0701394057211274,0,2
251,1,0.0185582210833734,0.0288108031095268,3.11168511450417,3.25938051947446,1.59089182289726,2.15484510727537,0.0481448459483406,3.25837905025664,0.95185515405166,1,2
251,2,0.976283412016288,0.698940302783475,4.02673291942588,3.87634943810269,2.87828334235195,3.020186647937,0.991489988173388,3.14023155166121,0.00851001182661176,1,2
252,1,0.0220505062297034,0.0485443719821441,2.55614670227314,2.74886312257736,1.55047758490767,1.82032859894906,0.0715694713347739,2.74564844644157,0.928430528665226,0,2
252,2,0.991282990126109,0.0222992993659636,2.45990180999753,2.27267497117105,2.05634923487033,2.4411545891387,0.991416353261368,2.26001604221194,0.00858364673863185,0,2
253,1,0.0502212735247068,0.0420915261597946,3.75974386013301,4.03715941489262,1.68206740207802,2.8035498587855,0.0915694300256199,4.0339982012859,0.90843056997438,1,2
253,2,0.987254379122292,0.203124407313754,3.78995724528429,3.41979715641636,2.63163849278837,3.51612280850921,0.988948204772908,3.31631701500962,0.0110517952270921,1,2
254,1,0.0972964105681449,0.101413450981385,3.30516981498313,3.58532369336965,1.82246286042967,2.50463140973354,0.191899504871923,3.53775601451232,0.808100495128077,0,2
254,2,0.96601880669037,0.0522018018730819,2.7080365850029,2.34005705019144,1.40348107964124,2.62556486538931,0.967634632279394,2.31529210092859,0.0323653677206058,0,2
255,1,0.13395905244583,0.121909264661764,4.07114111979758,4.39838906060746,1.91817361338445,2.97997298389272,0.242492195116641,4.33652377972161,0.757507804883358,1,2
255,2,0.948206135352994,0.0487415342315139,4.48813561279525,3.36868399582208,1.49971817871875,4.3322015869435,0.950414151398972,3.35209569271195,0.0495858486010279,1,2
256,1,0.289076470853717,0.10531701576957,3.07152196301579,3.57228190888912,1.75782763086882,2.65993664398894,0.371083141791361,3.52991814527818,0.628916858208639,1,2
256,2,0.907125132841329,0.0884077023807357,3.15704168142868,2.49357028755299,1.3532095646165,2.97528367862416,0.91401233058643,2.4684062946998,0.0859876694135701,1,2
257,1,0.0244663839670454,0.0364073511766375,2.27761591287309,2.60535650062352,2.18686063720101,2.20799187497298,0.0620571525449413,2.59743521711366,0.937942847455059,0,2
257,2,0.990607309683987,0.0423004518483638,2.29574489501951,2.02339517172546,1.51010137219696,2.25691534392891,0.990879169203183,2.01118785246733,0.00912083079681719,0,2
258,1,0.171459780328466,0.276477051463025,3.01440252840015,3.28940030201012,1.78055965049007,2.11068775093812,0.406682600573576,3.13608276387114,0.593317399426424,0,2
258,2,0.894126586686221,0.0881684004640318,2.49786584611024,2.41581127131143,1.69134608812647,2.36494344271263,0.903509085114095,2.34357115035061,0.0964909148859045,0,2
259,1,0.0982795521200475,0.074673072617614,3.15504847152437,3.43519447827769,1.41797254157104,2.33984636198944,0.167766462527076,3.4191624799348,0.832233537472924,1,2
259,2,0.916956957326627,0.0976066788952423,2.59807457505545,2.07878274732087,1.52019409696199,2.46876450006495,0.923497370740668,2.04111426746039,0.0765026292593317,1,2
260,1,0.0145549327687491,0.0247130607396504,2.86875261047044,3.24549210189925,1.19228322843992,1.7965665594049,0.0406160148490329,3.24452394987178,0.959383985150967,0,2
260,2,0.987893687386607,0.0629856624563568,2.68960704361546,2.37833458961179,1.69418056015049,2.61959079629626,0.988552116632185,2.36146813159484,0.0114478833678153,0,2
261,1,0.0181558354754162,0.066105032748374,3.73576826133034,4.1959289948785,1.3206318664352,1.77914843149275,0.0846222882733387,4.19523545184819,0.915377711726661,1,2
261,2,0.99555659144229,0.23343630534912,3.56627158112711,3.31650268926038,1.81505183533976,3.14468456749207,0.996316592628603,3.15642747691895,0.00368340737139735,1,2
262,1,0.0494125874952854,0.0222009698584563,2.2437508396485,2.80996946925755,1.12607801759647,1.89359596231456,0.0725772721780578,2.80814636148509,0.927422727821942,1,2
262,2,0.979417870033701,0.0354656475048759,2.7425033476956,2.01239137834585,1.26184523071768,2.68275847890194,0.979990242927051,2.00264988579192,0.0200097570729491,1,2
263,1,0.0136354103965282,0.0206670462930383,2.14882266841488,2.53817994244055,1.01602694907083,1.43180529375622,0.0356689812518578,2.53761658870398,0.964331018748142,0,2
263,2,0.992405416318978,0.0331242780439842,2.51008124744601,2.15519916839219,1.66685392496454,2.47568280401333,0.992578783226776,2.13813244304794,0.00742121677322388,0,2
264,1,0.0213442667201535,0.1051003111497,3.32767442894327,3.68291824251129,1.88284238948817,2.08405281557278,0.125822930158736,3.66998288928606,0.874177069841264,0,2
264,2,0.989483039372107,0.0892649754867392,3.27933547773721,3.05128438951563,1.9989009767766,3.14682037322818,0.990232460278065,3.01476387074182,0.00976753972193443,0,2
265,1,0.0111309203591861,0.0219845900936678,2.20395721518979,2.63642029479949,1.29053271918675,1.57644670164897,0.0346334447079186,2.63585312049397,0.965366555292082,0,2
265,2,0.995218213213272,0.0515910438988618,2.40753848596105,2.03827330279718,1.19852240479362,2.34124546358249,0.99534980519781,2.00011625865805,0.00465019480219033,0,2
266,1,0.0504178643479835,0.0934366135026749,2.29156722243625,2.75743960110563,1.54980353167042,1.77511880565651,0.142009957435115,2.73279387534845,0.857990042564885,0,2
266,2,0.977882945520685,0.0370843169922817,2.20907287893097,1.67866985044467,1.10228669358121,2.16234222923318,0.978518085584818,1.66833385465092,0.0214819144151822,0,2
267,1,0.227294442231456,0.565942909420051,3.88832999268915,4.0088102900074,2.05657228737738,2.19970715447772,0.672094438429891,3.29276258889108,0.327905561570109,1,2
267,2,0.874289488584394,0.0655021250052535,2.17242150428598,1.84484697961461,1.47599461153198,2.09254551866598,0.88119069496535,1.81679689593636,0.11880930503465,1,2
268,1,0.282696520122196,0.0325654067442125,3.35571294625769,3.56727307982572,1.23415672085257,3.13825727969404,0.30759714480733,3.55894811194054,0.69240285519267,1,2
268,2,0.843081766975206,0.0604464671966351,2.97286350828582,2.42290167436045,1.39919004474492,2.8552733515968,0.851143585557704,2.39477422783331,0.148856414442296,1,2
269,1,0.0457440422278375,0.170037933732961,2.98689716717774,3.4655656770115,1.38574369787443,1.66924621641849,0.210080494325995,3.43952023273596,0.789919505674005,1,2
269,2,0.54142207948151,0.0513447660463181,3.11573505303443,3.37079699799167,1.5196200871538,2.95255994731068,0.56633490754155,3.35207361867162,0.43366509245845,1,2
270,1,0.0243680611416173,0.0224068918402171,2.525548715514,2.85959533072499,1.0402680903215,1.77950168596289,0.0479809844361535,2.85878440187376,0.952019015563847,0,2
270,2,0.983410731283233,0.425297229988989,3.16998251564569,3.06784480970992,2.43046147801374,2.62340214857654,0.990020097913808,2.56813564043609,0.00997990208619232,0,2
271,1,0.0181350553959433,0.0126109325147925,2.72289329413795,3.14514661527131,0.87322681887105,1.82594709974206,0.0322626185178096,3.14504755310581,0.96773738148219,0,2
271,2,0.992711184290223,0.0478516012728551,2.95046255152315,2.69140709089029,1.5118503705875,2.87459422927974,0.992973041316648,2.66273737878223,0.00702695868335165,0,2
272,1,0.0101390904892437,0.0113153564808098,2.62314744567345,3.02820368142795,1.04511643768982,1.69247319166379,0.023168731680298,3.02761487550975,0.976831268319702,0,2
272,2,0.990008758990481,0.0742174350406615,2.53727623765868,2.15039887568491,1.69913178774304,2.4636156280871,0.990503046259329,2.12161811914589,0.00949695374067101,0,2
273,1,0.108749491000566,0.0380676799993944,2.96249213841695,3.01630460274945,1.06930939124251,2.45619218829114,0.14387568310482,3.01578344811061,0.85612431689518,1,2
273,2,0.976521860112064,0.140440146270967,3.08424236514373,2.8512810547588,1.51652025262442,2.84800490756164,0.979552480003824,2.8219294086028,0.0204475199961764,1,2
274,1,0.0236185572063856,0.0160861488245338,4.68568147851282,5.51549765936175,1.14247383943,3.12588413667198,0.0415389804942266,5.50735001758357,0.958461019505774,1,2
274,2,0.966100520156184,0.0577344424683015,4.04039416497625,3.6596104517376,1.95448577720915,3.90586836661464,0.96794962446762,3.64506377440008,0.0320503755323804,1,2
275,1,0.0214554028966539,0.0213908228879478,3.18118175928455,3.57568032774047,1.17921336792165,2.09685821971027,0.0440011027200579,3.57524564869839,0.955998897279942,1,2
275,2,0.99260588914304,0.159377920750618,3.50157995915988,3.12322856081632,1.65281925959607,3.19624647053139,0.993556073454813,3.04721737509156,0.00644392654518723,1,2
276,1,0.14503893690044,0.426243237153082,3.71615905746591,3.68405596973998,1.7526202100113,2.0205044416062,0.513624228745403,3.32700851265759,0.486375771254597,1,2
276,2,0.871824556128458,0.0738453919009156,2.66043321977778,2.37890226391479,1.93318639991726,2.55465823084751,0.880403224966473,2.31961173449315,0.119596775033527,1,2
277,1,0.0445590285791723,0.170307739185245,3.2516868302231,4.01108129020306,2.00694525120313,2.22524465296757,0.209890239807218,3.9898117556647,0.790109760192782,1,2
277,2,0.986415396802962,0.068397002212462,2.81131130914056,2.67224319029964,1.21631897134128,2.68875373093321,0.987157295306169,2.64002345937378,0.0128427046938306,1,2
278,1,0.133604150808222,0.0369838527698009,2.43362940082599,3.10236974354426,1.4749524160621,2.21916676806287,0.168578453368584,3.09801871482329,0.831421546631416,0,2
278,2,0.944164169225147,0.576588586082694,3.66641082567387,3.491770808462,2.53645103123264,2.56482091139645,0.975174894583057,2.40015930245253,0.0248251054169428,0,2
279,1,0.313328817247298,0.0758478823743971,3.03544631253519,3.67607831698224,1.45565617253417,2.70319896173707,0.369696289143212,3.66611853401977,0.630303710856788,1,2
279,2,0.927789228136967,0.106806185286616,3.07866668919574,2.93501814538237,1.69465919710483,2.88441170052893,0.93490789893871,2.88123067675653,0.0650921010612896,1,2
280,1,0.0416682625797238,0.0125509066886196,3.2466446059762,3.63408531333667,0.733288550889908,2.5634131456445,0.0556338452115642,3.63395020203172,0.944366154788436,1,2
280,2,0.996783669124328,0.0905240485074171,3.01737192439859,2.70780925387241,1.81670445307642,2.909309969147,0.996980098765161,2.60650043604296,0.00301990123483945,1,2
281,1,0.0189996896862338,0.0246923431250681,3.0064800362727,3.53302920728067,0.981850373225002,1.86284436011423,0.0448084120671473,3.53251923331818,0.955191587932853,0,2
281,2,0.990775337686774,0.0637515039339435,2.66088719206096,2.25697524515457,1.75880107448091,2.59910751195147,0.991190283691393,2.23556676594077,0.00880971630860704,0,2
282,1,0.00967233467811807,0.0106332337576406,2.8376438616451,3.27280775264901,1.04847870609672,1.76769649843956,0.0221551908087076,3.27260420088161,0.977844809191292,0,2
282,2,0.986987250269216,0.0702260339913129,3.02092372902827,2.62550930532968,1.89848769383754,2.93242726343356,0.987692898128212,2.60339359001853,0.0123071018717878,0,2
283,1,0.338663860558558,0.0719178970879971,3.86924606470979,4.1359659273938,1.57719828118803,3.42033548425783,0.388521394505755,4.10776595937382,0.611478605494245,1,2
283,2,0.965236413189255,0.104156067157394,3.32901613374153,2.69731634530955,1.36361691618362,3.10379705758324,0.968311228772894,2.65663054351795,0.0316887712271062,1,2
284,1,0.0826056537952576,0.116573279091511,2.63497051422446,3.18822340549124,1.6495640678722,2.0213040901487,0.192770635470659,3.17746645374884,0.807229364529341,1,2
284,2,0.983119035337012,0.0714527544986654,2.49349277095139,2.21293406109486,1.23908924765589,2.39255173089559,0.984202326919479,2.1868243196687,0.0157976730805212,1,2
285,1,0.0242689165963461,0.0361903891242353,2.82605716591544,3.00775125736623,1.49439442026013,1.98384262489957,0.0612039723538826,3.00522292940761,0.938796027646117,0,2
285,2,0.973503015807087,0.044332109326297,2.41563907081908,2.31345047987981,1.27113380768547,2.36002373423946,0.974609050399674,2.3059495724756,0.025390949600326,0,2
286,1,0.019841704978969,0.0350169503419565,3.14426546130344,3.41653083402645,1.24918149501298,1.88607647073424,0.0557699848948193,3.41620421471713,0.944230015105181,1,2
286,2,0.992468244304829,0.0441152677172812,3.19559655956707,3.00477381818499,1.34368267087568,3.11305310664865,0.992917755662212,2.9601130298921,0.0070822443377879,1,2
287,1,0.0319589182296199,0.0147754155058251,2.8299845477517,3.42849517096639,1.18099649506775,2.22319708623732,0.0481770181627138,3.42816521007431,0.951822981837286,0,2
287,2,0.985820037800632,0.142072255144001,2.75248268716387,2.66296020487312,1.56915303142768,2.55990554352403,0.987532594396063,2.59051307476302,0.0124674056039368,0,2
288,1,0.0546476029326722,0.11581897321794,2.60053983154677,3.13902977477263,1.81679208423956,2.02703380353369,0.166725759984404,3.11197007503366,0.833274240015596,1,2
288,2,0.981554839217195,0.094874439462419,2.65878320108491,2.05241946838528,1.43626189896593,2.53291740566398,0.982768834604104,2.02352464060911,0.0172311653958957,1,2
